,,,,,,,,,,,,,,,,,,,,,,,,,,,,,,,,,,,,,,,,,,,,,,,,,,,,,,,,,,,,,,,,,,,,,,,,,,,,,,,,,,,,,,,,,,,,,,,,,,,,,,,,,,,,,,,,,,,,,,,,,,,,
,,,,,,,,,,,,,,,,,,,,,,,,,,,,,,,,,,,,,,,,,,,,,,,,,,,,,,,,,,,,,,,,,,,,,,,,,,,,,,,,,,,,,,,,,,,,,,,,,,,,,,,,,,,,,,,,,,,,,,,,,,,,
,,,,,,,,,,,,,,,,,,,,,,,,,,,,,,,,,,,,,,,,,,,,,,,,,,,,,,,,,,,,,,,,,,,,,,,,,,,,,,,,,,,,,,,,,,,,,,,,,,,,,,,,,,,,,,,,,,,,,,,,,,,,
,,,,,,,,,,,,,,,,,,,,,,,,,,,,,,,,,,,,,,,,,,,,,,,,,,,,,,,,,,,,,,,,,,,,,,,,,,,,,,,,,,,,,,,,,,,,,,,,,,,,,,,,,,,,,,,,,,,,,,,,,,,,
,,,,,,,,,,,,,,,,,,,,,,,,,,,,,,,,,,,,,,,,,,,,,,,,,,,,,,,,,,,,,,,,,,,,,,,,,,,,,,,,,,,,,,,,,,,,,,,,,,,,,,,,,,,,,,,,,,,,,,,,,,,,
,,,,,,,,,,,,,,,,,,,,,,,,,,,,,,,,,,,,,,,,,,,,,,,,,,,,,,,,,,,,,,,,,,,,,,,,,,,,,,,,,,,,,,,,,,,,,,,,,,,,,,,,,,,,,,,,,,,,,,,,,,,,
,,,,,,,,,,,,,,,,,,,,,,,,,,,,,,,,,,,,,,,,,,,,,,,,,,,,,,,,,,,,,,,,,,,,,,,,,,,,,,,,,,,,,,,,,,,,,,,,,,,,,,,,,,,,,,,,,,,,,,,,,,,,
,,,,,,,,,,,,,,,,,,,,,,,,,,,,,,,,,,,,,,,,,,,,,,,,,,,,,,,,,,,,,,,,,,,,,,,,,,,,,,,,,,,,,,,,,,,,,,,,,,,,,,,,,,,,,,,,,,,,,,,,,,,,
,,,,,,,,,,,,,,,,,,,,,,,,,,,,,,,,,,,,,,,,,,,,,,,,,,,,,,,,,,,,,,,,,,,,,,,,,,,,,,,,,,,,,,,,,,,,,,,,,,,,,,,,,,,,,,,,,,,,,,,,,,,,
,,,,,,,,,,,,,,,,,,,,,,,,,,,,,,,,,,,,,,,,,,,,,,,,,,,,,,,,,,,,,,,,,,,,,,,,,,,,,,,,,,,,,,,,,,,,,,,,,,,,,,,,,,,,,,,,,,,,,,,,,,,,
,,,,,,,,,,,,,,,,,,,,,,,,,,,,,,,,,,,,,,,,,,,,,,,,,,,,,,,,,,,,,,,,,,,,,,,,,,,,,,,,,,,,,,,,,,,,,,,,,,,,,,,,,,,,,,,,,,,,,,,,,,,,
,,,,,,,,,,,,,,,,,,,,,,,,,,,,,,,,,,,,,,,,,,,,,,,,,,,,,,,,,,,,,,,,,,,,,,,,,,,,,,,,,,,,,,,,,,,,,,,,,,,,,,,,,,,,,,,,,,,,,,,,,,,,
,,,,,,,,,,,,,,,,,,,,,,,,,,,,,,,,,,,,,,,,,,,,,,,,,,,,,,,,,,,,,,,,,,,,,,,,,,,,,,,,,,,,,,,,,,,,,,,,,,,,,,,,,,,,,,,,,,,,,,,,,,,,
,,,,,,,,,,,,,,,,,,,,,,,,,,,,,,,,,,,,,,,,,,,,,,,,,,,,,,,,,,,,,,,,,,,,,,,,,,,,,,,,,,,,,,,,,,,,,,,,,,,,,,,,,,,,,,,,,,,,,,,,,,,,
,,,,,,,,,,,,,,,,,,,,,,,,,,,,,,,,,,,,,,,,,,,,,,,,,,,,,,,,,,,,,,,,,,,,,,,,,,,,,,,,,,,,,,,,,,,,,,,,,,,,,,,,,,,,,,,,,,,,,,,,,,,,
,,,,,,,,,,,,,,,,,,,,,,,,,,,,,,,,,,,,,,,,,,,,,,,,,,,,,,,,,,,,,,,,,,,,,,,,,,,,,,,,,,,,,,,,,,,,,,,,,,,,,,,,,,,,,,,,,,,,,,,,,,,,
,,,,,,,,,,,,,,,,,,,,,,,,,,,,,,,,,,,,,,,,,,,,,,,,,,,,,,,,,,,,,,,,,,,,,,,,,,,,,,,,,,,,,,,,,,,,,,,,,,,,,,,,,,,,,,,,,,,,,,,,,,,,
,,,,,,,,,,,,,,,,,,,,,,,,,,,,,,,,,,,,,,,,,,,,,,,,,,,,,,,,,,,,,,,,,,,,,,,,,,,,,,,,,,,,,,,,,,,,,,,,,,,,,,,,,,,,,,,,,,,,,,,,,,,,
,,,,,,,,,,,,,,,,,,,,,,,,,,,,,,,,,,,,,,,,,,,,,,,,,,,,,,,,,,,,,,,,,,,,,,,,,,,,,,,,,,,,,,,,,,,,,,,,,,,,,,,,,,,,,,,,,,,,,,,,,,,,
,,,,,,,,,,,,,,,,,,,,,,,,,,,,,,,,,,,,,,,,,,,,,,,,,,,,,,,,,,,,,,,,,,,,,,,,,,,,,,,,,,,,,,,,,,,,,,,,,,,,,,,,,,,,,,,,,,,,,,,,,,,,
,,,,,,,,,,,,,,,,,,,,,,,,,,,,,,,,,,,,,,,,,,,,,,,,,,,,,,,,,,,,,,,,,,,,,,,,,,,,,,,,,,,,,,,,,,,,,,,,,,,,,,,,,,,,,,,,,,,,,,,,,,,,
,,,,,,,,,,,,,,,,,,,,,,,,,,,,,,,,,,,,,,,,,,,,,,,,,,,,,,,,,,,,,,,,,,,,,,,,,,,,,,,,,,,,,,,,,,,,,,,,,,,,,,,,,,,,,,,,,,,,,,,,,,,,
,,,,,,,,,,,,,,,,,,,,,,,,,,,,,,,,,,,,,,,,,,,,,,,,,,,,,,,,,,,,,,,,,,,,,,,,,,,,,,,,,,,,,,,,,,,,,,,,,,,,,,,,,,,,,,,,,,,,,,,,,,,,
,,,,,,,,,,,,,,,,,,,,,,,,,,,,,,,,,,,,,,,,,,,,,,,,,,,,,,,,,,,,,,,,,,,,,,,,,,,,,,,,,,,,,,,,,,,,,,,,,,,,,,,,,,,,,,,,,,,,,,,,,,,,
,,,,,,,,,,,,,,,,,,,,,,,,,,,,,,,,,,,,,,,,,,,,,,,,,,,,,,,,,,,,,,,,,,,,,,,,,,,,,,,,,,,,,,,,,,,,,,,,,,,,,,,,,,,,,,,,,,,,,,,,,,,,
,,,,,,,,,,,,,,,,,,,,,,,,,,,,,,,,,,,,,,,,,,,,,,,,,,,,,,,,,,,,,,,,,,,,,,,,,,,,,,,,,,,,,,,,,,,,,,,,,,,,,,,,,,,,,,,,,,,,,,,,,,,,
,,,,,,,,,,,,,,,,,,,,,,,,,,,,,,,,,,,,,,,,,,,,,,,,,,,,,,,,,,,,,,,,,,,,,,,,,,,,,,,,,,,,,,,,,,,,,,,,,,,,,,,,,,,,,,,,,,,,,,,,,,,,
,,,,,,,,,,,,,,,,,,,,,,,,,,,,,,,,,,,,,,,,,,,,,,,,,,,,,,,,,,,,,,,,,,,,,,,,,,,,,,,,,,,,,,,,,,,,,,,,,,,,,,,,,,,,,,,,,,,,,,,,,,,,
,,,,,,,,,,,,,,,,,,,,,,,,,,,,,,,,,,,,,,,,,,,,,,,,,,,,,,,,,,,,,,,,,,,,,,,,,,,,,,,,,,,,,,,,,,,,,,,,,,,,,,,,,,,,,,,,,,,,,,,,,,,,
,,,,,,,,,,,,,,,,,,,,,,,,,,,,,,,,,,,,,,,,,,,,,,,,,,,,,,,,,,,,,,,,,,,,,,,,,,,,,,,,,,,,,,,,,,,,,,,,,,,,,,,,,,,,,,,,,,,,,,,,,,,,
,,,,,,,,,,,,,,,,,,,,,,,,,,,,,,,,,,,,,,,,,,,,,,,,,,,,,,,,,,,,,,,,,,,,,,,,,,,,,,,,,,,,,,,,,,,,,,,,,,,,,,,,,,,,,,,,,,,,,,,,,,,,
,,,,,,,,,,,,,,,,,,,,,,,,,,,,,,,,,,,,,,,,,,,,,,,,,,,,,,,,,,,,,,,,,,,,,,,,,,,,,,,,,,,,,,,,,,,,,,,,,,,,,,,,,,,,,,,,,,,,,,,,,,,,
,,,,,,,,,,,,,,,,,,,,,,,,,,,,,,,,,,,,,,,,,,,,,,,,,,,,,,,,,,,,,,,,,,,,,,,,,,,,,,,,,,,,,,,,,,,,,,,,,,,,,,,,,,,,,,,,,,,,,,,,,,,,
,,,,,,,,,,,,,,,,,,,,,,,,,,,,,,,,,,,,,,,,,,,,,,,,,,,,,,,,,,,,,,,,,,,,,,,,,,,,,,,,,,,,,,,,,,,,,,,,,,,,,,,,,,,,,,,,,,,,,,,,,,,,
,,,,,,,,,,,,,,,,,,,,,,,,,,,,,,,,,,,,,,,,,,,,,,,,,,,,,,,,,,,,,,,,,,,,,,,,,,,,,,,,,,,,,,,,,,,,,,,,,,,,,,,,,,,,,,,,,,,,,,,,,,,,
,,,,,,,,,,,,,,,,,,,,,,,,,,,,,,,,,,,,,,,,,,,,,,,,,,,,,,,,,,,,,,,,,,,,,,,,,,,,,,,,,,,,,,,,,,,,,,,,,,,,,,,,,,,,,,,,,,,,,,,,,,,,
,,,,,,,,,,,,,,,,,,,,,,,,,,,,,,,,,,,,,,,,,,,,,,,,,,,,,,,,,,,,,,,,,,,,,,,,,,,,,,,,,,,,,,,,,,,,,,,,,,,,,,,,,,,,,,,,,,,,,,,,,,,,
,,,,,,,,,,,,,,,,,,,,,,,,,,,,,,,,,,,,,,,,,,,,,,,,,,,,,,,,,,,,,,,,,,,,,,,,,,,,,,,,,,,,,,,,,,,,,,,,,,,,,,,,,,,,,,,,,,,,,,,,,,,,
,,,,,,,,,,,,,,,,,,,,,,,,,,,,,,,,,,,,,,,,,,,,,,,,,,,,,,,,,,,,,,,,,,,,,,,,,,,,,,,,,,,,,,,,,,,,,,,,,,,,,,,,,,,,,,,,,,,,,,,,,,,,
,,,,,,,,,,,,,,,,,,,,,,,,,,,,,,,,,,,,,,,,,,,,,,,,,,,,,,,,,,,,,,,,,,,,,,,,,,,,,,,,,,,,,,,,,,,,,,,,,,,,,,,,,,,,,,,,,,,,,,,,,,,,
,,,,,,,,,,,,,,,,,,,,,,,,,,,,,,,,,,,,,,,,,,,,,,,,,,,,,,,,,,,,,,,,,,,,,,,,,,,,,,,,,,,,,,,,,,,,,,,,,,,,,,,,,,,,,,,,,,,,,,,,,,,,
,,,,,,,,,,,,,,,,,,,,,,,,,,,,,,,,,,,,,,,,,,,,,,,,,,,,,,,,,,,,,,,,,,,,,,,,,,,,,,,,,,,,,,,,,,,,,,,,,,,,,,,,,,,,,,,,,,,,,,,,,,,,
,,,,,,,,,,,,,,,,,,,,,,,,,,,,,,,,,,,,,,,,,,,,,,,,,,,,,,,,,,,,,,,,,,,,,,,,,,,,,,,,,,,,,,,,,,,,,,,,,,,,,,,,,,,,,,,,,,,,,,,,,,,,
,,,,,,,,,,,,,,,,,,,,,,,,,,,,,,,,,,,,,,,,,,,,,,,,,,,,,,,,,,,,,,,,,,,,,,,,,,,,,,,,,,,,,,,,,,,,,,,,,,,,,,,,,,,,,,,,,,,,,,,,,,,,
,,,,,,,,,,,,,,,,,,,,,,,,,,,,,,,,,,,,,,,,,,,,,,,,,,,,,,,,,,,,,,,,,,,,,,,,,,,,,,,,,,,,,,,,,,,,,,,,,,,,,,,,,,,,,,,,,,,,,,,,,,,,
,,,,,,,,,,,,,,,,,,,,,,,,,,,,,,,,,,,,,,,,,,,,,,,,,,,,,,,,,,,,,,,,,,,,,,,,,,,,,,,,,,,,,,,,,,,,,,,,,,,,,,,,,,,,,,,,,,,,,,,,,,,,
,,,,,,,,,,,,,,,,,,,,,,,,,,,,,,,,,,,,,,,,,,,,,,,,,,,,,,,,,,,,,,,,,,,,,,,,,,,,,,,,,,,,,,,,,,,,,,,,,,,,,,,,,,,,,,,,,,,,,,,,,,,,
,,,,,,,,,,,,,,,,,,,,,,,,,,,,,,,,,,,,,,,,,,,,,,,,,,,,,,,,,,,,,,,,,,,,,,,,,,,,,,,,,,,,,,,,,,,,,,,,,,,,,,,,,,,,,,,,,,,,,,,,,,,,
,,,,,,,,,,,,,,,,,,,,,,,,,,,,,,,,,,,,,,,,,,,,,,,,,,,,,,,,,,,,,,,,,,,,,,,,,,,,,,,,,,,,,,,,,,,,,,,,,,,,,,,,,,,,,,,,,,,,,,,,,,,,
,,,,,,,,,,,,,,,,,,,,,,,,,,,,,,,,,,,,,,,,,,,,,,,,,,,,,,,,,,,,,,,,,,,,,,,,,,,,,,,,,,,,,,,,,,,,,,,,,,,,,,,,,,,,,,,,,,,,,,,,,,,,
,,,,,,,,,,,,,,,,,,,,,,,,,,,,,,,,,,,,,,,,,,,,,,,,,,,,,,,,,,,,,,,,,,,,,,,,,,,,,,,,,,,,,,,,,,,,,,,,,,,,,,,,,,,,,,,,,,,,,,,,,,,,
,,,,,,,,,,,,,,,,,,,,,,,,,,,,,,,,,,,,,,,,,,,,,,,,,,,,,,,,,,,,,,,,,,,,,,,,,,,,,,,,,,,,,,,,,,,,,,,,,,,,,,,,,,,,,,,,,,,,,,,,,,,,
,,,,,,,,,,,,,,,,,,,,,,,,,,,,,,,,,,,,,,,,,,,,,,,,,,,,,,,,,,,,,,,,,,,,,,,,,,,,,,,,,,,,,,,,,,,,,,,,,,,,,,,,,,,,,,,,,,,,,,,,,,,,
,,,,,,,,,,,,,,,,,,,,,,,,,,,,,,,,,,,,,,,,,,,,,,,,,,,,,,,,,,,,,,,,,,,,,,,,,,,,,,,,,,,,,,,,,,,,,,,,,,,,,,,,,,,,,,,,,,,,,,,,,,,,
,,,,,,,,,,,,,,,,,,,,,,,,,,,,,,,,,,,,,,,,,,,,,,,,,,,,,,,,,,,,,,,,,,,,,,,,,,,,,,,,,,,,,,,,,,,,,,,,,,,,,,,,,,,,,,,,,,,,,,,,,,,,
,,,,,,,,,,,,,,,,,,,,,,,,,,,,,,,,,,,,,,,,,,,,,,,,,,,,,,,,,,,,,,,,,,,,,,,,,,,,,,,,,,,,,,,,,,,,,,,,,,,,,,,,,,,,,,,,,,,,,,,,,,,,
,,,,,,,,,,,,,,,,,,,,,,,,,,,,,,,,,,,,,,,,,,,,,,,,,,,,,,,,,,,,,,,,,,,,,,,,,,,,,,,,,,,,,,,,,,,,,,,,,,,,,,,,,,,,,,,,,,,,,,,,,,,,
,,,,,,,,,,,,,,,,,,,,,,,,,,,,,,,,,,,,,,,,,,,,,,,,,,,,,,,,,,,,,,,,,,,,,,,,,,,,,,,,,,,,,,,,,,,,,,,,,,,,,,,,,,,,,,,,,,,,,,,,,,,,
,,,,,,,,,,,,,,,,,,,,,,,,,,,,,,,,,,,,,,,,,,,,,,,,,,,,,,,,,,,,,,,,,,,,,,,,,,,,,,,,,,,,,,,,,,,,,,,,,,,,,,,,,,,,,,,,,,,,,,,,,,,,
,,,,,,,,,,,,,,,,,,,,,,,,,,,,,,,,,,,,,,,,,,,,,,,,,,,,,,,,,,,,,,,,,,,,,,,,,,,,,,,,,,,,,,,,,,,,,,,,,,,,,,,,,,,,,,,,,,,,,,,,,,,,
,,,,,,,,,,,,,,,,,,,,,,,,,,,,,,,,,,,,,,,,,,,,,,,,,,,,,,,,,,,,,,,,,,,,,,,,,,,,,,,,,,,,,,,,,,,,,,,,,,,,,,,,,,,,,,,,,,,,,,,,,,,,
,,,,,,,,,,,,,,,,,,,,,,,,,,,,,,,,,,,,,,,,,,,,,,,,,,,,,,,,,,,,,,,,,,,,,,,,,,,,,,,,,,,,,,,,,,,,,,,,,,,,,,,,,,,,,,,,,,,,,,,,,,,,
,,,,,,,,,,,,,,,,,,,,,,,,,,,,,,,,,,,,,,,,,,,,,,,,,,,,,,,,,,,,,,,,,,,,,,,,,,,,,,,,,,,,,,,,,,,,,,,,,,,,,,,,,,,,,,,,,,,,,,,,,,,,
,,,,,,,,,,,,,,,,,,,,,,,,,,,,,,,,,,,,,,,,,,,,,,,,,,,,,,,,,,,,,,,,,,,,,,,,,,,,,,,,,,,,,,,,,,,,,,,,,,,,,,,,,,,,,,,,,,,,,,,,,,,,
,,,,,,,,,,,,,,,,,,,,,,,,,,,,,,,,,,,,,,,,,,,,,,,,,,,,,,,,,,,,,,,,,,,,,,,,,,,,,,,,,,,,,,,,,,,,,,,,,,,,,,,,,,,,,,,,,,,,,,,,,,,,
,,,,,,,,,,,,,,,,,,,,,,,,,,,,,,,,,,,,,,,,,,,,,,,,,,,,,,,,,,,,,,,,,,,,,,,,,,,,,,,,,,,,,,,,,,,,,,,,,,,,,,,,,,,,,,,,,,,,,,,,,,,,
,,,,,,,,,,,,,,,,,,,,,,,,,,,,,,,,,,,,,,,,,,,,,,,,,,,,,,,,,,,,,,,,,,,,,,,,,,,,,,,,,,,,,,,,,,,,,,,,,,,,,,,,,,,,,,,,,,,,,,,,,,,,
,,,,,,,,,,,,,,,,,,,,,,,,,,,,,,,,,,,,,,,,,,,,,,,,,,,,,,,,,,,,,,,,,,,,,,,,,,,,,,,,,,,,,,,,,,,,,,,,,,,,,,,,,,,,,,,,,,,,,,,,,,,,
,,,,,,,,,,,,,,,,,,,,,,,,,,,,,,,,,,,,,,,,,,,,,,,,,,,,,,,,,,,,,,,,,,,,,,,,,,,,,,,,,,,,,,,,,,,,,,,,,,,,,,,,,,,,,,,,,,,,,,,,,,,,
,,,,,,,,,,,,,,,,,,,,,,,,,,,,,,,,,,,,,,,,,,,,,,,,,,,,,,,,,,,,,,,,,,,,,,,,,,,,,,,,,,,,,,,,,,,,,,,,,,,,,,,,,,,,,,,,,,,,,,,,,,,,
,,,,,,,,,,,,,,,,,,,,,,,,,,,,,,,,,,,,,,,,,,,,,,,,,,,,,,,,,,,,,,,,,,,,,,,,,,,,,,,,,,,,,,,,,,,,,,,,,,,,,,,,,,,,,,,,,,,,,,,,,,,,
,,,,,,,,,,,,,,,,,,,,,,,,,,,,,,,,,,,,,,,,,,,,,,,,,,,,,,,,,,,,,,,,,,,,,,,,,,,,,,,,,,,,,,,,,,,,,,,,,,,,,,,,,,,,,,,,,,,,,,,,,,,,
,,,,,,,,,,,,,,,,,,,,,,,,,,,,,,,,,,,,,,,,,,,,,,,,,,,,,,,,,,,,,,,,,,,,,,,,,,,,,,,,,,,,,,,,,,,,,,,,,,,,,,,,,,,,,,,,,,,,,,,,,,,,
,,,,,,,,,,,,,,,,,,,,,,,,,,,,,,,,,,,,,,,,,,,,,,,,,,,,,,,,,,,,,,,,,,,,,,,,,,,,,,,,,,,,,,,,,,,,,,,,,,,,,,,,,,,,,,,,,,,,,,,,,,,,
,,,,,,,,,,,,,,,,,,,,,,,,,,,,,,,,,,,,,,,,,,,,,,,,,,,,,,,,,,,,,,,,,,,,,,,,,,,,,,,,,,,,,,,,,,,,,,,,,,,,,,,,,,,,,,,,,,,,,,,,,,,,
,,,,,,,,,,,,,,,,,,,,,,,,,,,,,,,,,,,,,,,,,,,,,,,,,,,,,,,,,,,,,,,,,,,,,,,,,,,,,,,,,,,,,,,,,,,,,,,,,,,,,,,,,,,,,,,,,,,,,,,,,,,,
,,,,,,,,,,,,,,,,,,,,,,,,,,,,,,,,,,,,,,,,,,,,,,,,,,,,,,,,,,,,,,,,,,,,,,,,,,,,,,,,,,,,,,,,,,,,,,,,,,,,,,,,,,,,,,,,,,,,,,,,,,,,
,,,,,,,,,,,,,,,,,,,,,,,,,,,,,,,,,,,,,,,,,,,,,,,,,,,,,,,,,,,,,,,,,,,,,,,,,,,,,,,,,,,,,,,,,,,,,,,,,,,,,,,,,,,,,,,,,,,,,,,,,,,,
,,,,,,,,,,,,,,,,,,,,,,,,,,,,,,,,,,,,,,,,,,,,,,,,,,,,,,,,,,,,,,,,,,,,,,,,,,,,,,,,,,,,,,,,,,,,,,,,,,,,,,,,,,,,,,,,,,,,,,,,,,,,
,,,,,,,,,,,,,,,,,,,,,,,,,,,,,,,,,,,,,,,,,,,,,,,,,,,,,,,,,,,,,,,,,,,,,,,,,,,,,,,,,,,,,,,,,,,,,,,,,,,,,,,,,,,,,,,,,,,,,,,,,,,,
,,,,,,,,,,,,,,,,,,,,,,,,,,,,,,,,,,,,,,,,,,,,,,,,,,,,,,,,,,,,,,,,,,,,,,,,,,,,,,,,,,,,,,,,,,,,,,,,,,,,,,,,,,,,,,,,,,,,,,,,,,,,
,,,,,,,,,,,,,,,,,,,,,,,,,,,,,,,,,,,,,,,,,,,,,,,,,,,,,,,,,,,,,,,,,,,,,,,,,,,,,,,,,,,,,,,,,,,,,,,,,,,,,,,,,,,,,,,,,,,,,,,,,,,,
,,,,,,,,,,,,,,,,,,,,,,,,,,,,,,,,,,,,,,,,,,,,,,,,,,,,,,,,,,,,,,,,,,,,,,,,,,,,,,,,,,,,,,,,,,,,,,,,,,,,,,,,,,,,,,,,,,,,,,,,,,,,
,,,,,,,,,,,,,,,,,,,,,,,,,,,,,,,,,,,,,,,,,,,,,,,,,,,,,,,,,,,,,,,,,,,,,,,,,,,,,,,,,,,,,,,,,,,,,,,,,,,,,,,,,,,,,,,,,,,,,,,,,,,,
,,,,,,,,,,,,,,,,,,,,,,,,,,,,,,,,,,,,,,,,,,,,,,,,,,,,,,,,,,,,,,,,,,,,,,,,,,,,,,,,,,,,,,,,,,,,,,,,,,,,,,,,,,,,,,,,,,,,,,,,,,,,
,,,,,,,,,,,,,,,,,,,,,,,,,,,,,,,,,,,,,,,,,,,,,,,,,,,,,,,,,,,,,,,,,,,,,,,,,,,,,,,,,,,,,,,,,,,,,,,,,,,,,,,,,,,,,,,,,,,,,,,,,,,,
,,,,,,,,,,,,,,,,,,,,,,,,,,,,,,,,,,,,,,,,,,,,,,,,,,,,,,,,,,,,,,,,,,,,,,,,,,,,,,,,,,,,,,,,,,,,,,,,,,,,,,,,,,,,,,,,,,,,,,,,,,,,
,,,,,,,,,,,,,,,,,,,,,,,,,,,,,,,,,,,,,,,,,,,,,,,,,,,,,,,,,,,,,,,,,,,,,,,,,,,,,,,,,,,,,,,,,,,,,,,,,,,,,,,,,,,,,,,,,,,,,,,,,,,,
,,,,,,,,,,,,,,,,,,,,,,,,,,,,,,,,,,,,,,,,,,,,,,,,,,,,,,,,,,,,,,,,,,,,,,,,,,,,,,,,,,,,,,,,,,,,,,,,,,,,,,,,,,,,,,,,,,,,,,,,,,,,
,,,,,,,,,,,,,,,,,,,,,,,,,,,,,,,,,,,,,,,,,,,,,,,,,,,,,,,,,,,,,,,,,,,,,,,,,,,,,,,,,,,,,,,,,,,,,,,,,,,,,,,,,,,,,,,,,,,,,,,,,,,,
,,,,,,,,,,,,,,,,,,,,,,,,,,,,,,,,,,,,,,,,,,,,,,,,,,,,,,,,,,,,,,,,,,,,,,,,,,,,,,,,,,,,,,,,,,,,,,,,,,,,,,,,,,,,,,,,,,,,,,,,,,,,
,,,,,,,,,,,,,,,,,,,,,,,,,,,,,,,,,,,,,,,,,,,,,,,,,,,,,,,,,,,,,,,,,,,,,,,,,,,,,,,,,,,,,,,,,,,,,,,,,,,,,,,,,,,,,,,,,,,,,,,,,,,,
,,,,,,,,,,,,,,,,,,,,,,,,,,,,,,,,,,,,,,,,,,,,,,,,,,,,,,,,,,,,,,,,,,,,,,,,,,,,,,,,,,,,,,,,,,,,,,,,,,,,,,,,,,,,,,,,,,,,,,,,,,,,
,,,,,,,,,,,,,,,,,,,,,,,,,,,,,,,,,,,,,,,,,,,,,,,,,,,,,,,,,,,,,,,,,,,,,,,,,,,,,,,,,,,,,,,,,,,,,,,,,,,,,,,,,,,,,,,,,,,,,,,,,,,,
,,,,,,,,,,,,,,,,,,,,,,,,,,,,,,,,,,,,,,,,,,,,,,,,,,,,,,,,,,,,,,,,,,,,,,,,,,,,,,,,,,,,,,,,,,,,,,,,,,,,,,,,,,,,,,,,,,,,,,,,,,,,
,,,,,,,,,,,,,,,,,,,,,,,,,,,,,,,,,,,,,,,,,,,,,,,,,,,,,,,,,,,,,,,,,,,,,,,,,,,,,,,,,,,,,,,,,,,,,,,,,,,,,,,,,,,,,,,,,,,,,,,,,,,,
,,,,,,,,,,,,,,,,,,,,,,,,,,,,,,,,,,,,,,,,,,,,,,,,,,,,,,,,,,,,,,,,,,,,,,,,,,,,,,,,,,,,,,,,,,,,,,,,,,,,,,,,,,,,,,,,,,,,,,,,,,,,
,,,,,,,,,,,,,,,,,,,,,,,,,,,,,,,,,,,,,,,,,,,,,,,,,,,,,,,,,,,,,,,,,,,,,,,,,,,,,,,,,,,,,,,,,,,,,,,,,,,,,,,,,,,,,,,,,,,,,,,,,,,,
,,,,,,,,,,,,,,,,,,,,,,,,,,,,,,,,,,,,,,,,,,,,,,,,,,,,,,,,,,,,,,,,,,,,,,,,,,,,,,,,,,,,,,,,,,,,,,,,,,,,,,,,,,,,,,,,,,,,,,,,,,,,
,,,,,,,,,,,,,,,,,,,,,,,,,,,,,,,,,,,,,,,,,,,,,,,,,,,,,,,,,,,,,,,,,,,,,,,,,,,,,,,,,,,,,,,,,,,,,,,,,,,,,,,,,,,,,,,,,,,,,,,,,,,,
,,,,,,,,,,,,,,,,,,,,,,,,,,,,,,,,,,,,,,,,,,,,,,,,,,,,,,,,,,,,,,,,,,,,,,,,,,,,,,,,,,,,,,,,,,,,,,,,,,,,,,,,,,,,,,,,,,,,,,,,,,,,
,,,,,,,,,,,,,,,,,,,,,,,,,,,,,,,,,,,,,,,,,,,,,,,,,,,,,,,,,,,,,,,,,,,,,,,,,,,,,,,,,,,,,,,,,,,,,,,,,,,,,,,,,,,,,,,,,,,,,,,,,,,,
,,,,,,,,,,,,,,,,,,,,,,,,,,,,,,,,,,,,,,,,,,,,,,,,,,,,,,,,,,,,,,,,,,,,,,,,,,,,,,,,,,,,,,,,,,,,,,,,,,,,,,,,,,,,,,,,,,,,,,,,,,,,
,,,,,,,,,,,,,,,,,,,,,,,,,,,,,,,,,,,,,,,,,,,,,,,,,,,,,,,,,,,,,,,,,,,,,,,,,,,,,,,,,,,,,,,,,,,,,,,,,,,,,,,,,,,,,,,,,,,,,,,,,,,,
,,,,,,,,,,,,,,,,,,,,,,,,,,,,,,,,,,,,,,,,,,,,,,,,,,,,,,,,,,,,,,,,,,,,,,,,,,,,,,,,,,,,,,,,,,,,,,,,,,,,,,,,,,,,,,,,,,,,,,,,,,,,
,,,,,,,,,,,,,,,,,,,,,,,,,,,,,,,,,,,,,,,,,,,,,,,,,,,,,,,,,,,,,,,,,,,,,,,,,,,,,,,,,,,,,,,,,,,,,,,,,,,,,,,,,,,,,,,,,,,,,,,,,,,,
,,,,,,,,,,,,,,,,,,,,,,,,,,,,,,,,,,,,,,,,,,,,,,,,,,,,,,,,,,,,,,,,,,,,,,,,,,,,,,,,,,,,,,,,,,,,,,,,,,,,,,,,,,,,,,,,,,,,,,,,,,,,
,,,,,,,,,,,,,,,,,,,,,,,,,,,,,,,,,,,,,,,,,,,,,,,,,,,,,,,,,,,,,,,,,,,,,,,,,,,,,,,,,,,,,,,,,,,,,,,,,,,,,,,,,,,,,,,,,,,,,,,,,,,,
,,,,,,,,,,,,,,,,,,,,,,,,,,,,,,,,,,,,,,,,,,,,,,,,,,,,,,,,,,,,,,,,,,,,,,,,,,,,,,,,,,,,,,,,,,,,,,,,,,,,,,,,,,,,,,,,,,,,,,,,,,,,
,,,,,,,,,,,,,,,,,,,,,,,,,,,,,,,,,,,,,,,,,,,,,,,,,,,,,,,,,,,,,,,,,,,,,,,,,,,,,,,,,,,,,,,,,,,,,,,,,,,,,,,,,,,,,,,,,,,,,,,,,,,,
,,,,,,,,,,,,,,,,,,,,,,,,,,,,,,,,,,,,,,,,,,,,,,,,,,,,,,,,,,,,,,,,,,,,,,,,,,,,,,,,,,,,,,,,,,,,,,,,,,,,,,,,,,,,,,,,,,,,,,,,,,,,
,,,,,,,,,,,,,,,,,,,,,,,,,,,,,,,,,,,,,,,,,,,,,,,,,,,,,,,,,,,,,,,,,,,,,,,,,,,,,,,,,,,,,,,,,,,,,,,,,,,,,,,,,,,,,,,,,,,,,,,,,,,,
,,,,,,,,,,,,,,,,,,,,,,,,,,,,,,,,,,,,,,,,,,,,,,,,,,,,,,,,,,,,,,,,,,,,,,,,,,,,,,,,,,,,,,,,,,,,,,,,,,,,,,,,,,,,,,,,,,,,,,,,,,,,
,,,,,,,,,,,,,,,,,,,,,,,,,,,,,,,,,,,,,,,,,,,,,,,,,,,,,,,,,,,,,,,,,,,,,,,,,,,,,,,,,,,,,,,,,,,,,,,,,,,,,,,,,,,,,,,,,,,,,,,,,,,,
,,,,,,,,,,,,,,,,,,,,,,,,,,,,,,,,,,,,,,,,,,,,,,,,,,,,,,,,,,,,,,,,,,,,,,,,,,,,,,,,,,,,,,,,,,,,,,,,,,,,,,,,,,,,,,,,,,,,,,,,,,,,
,,,,,,,,,,,,,,,,,,,,,,,,,,,,,,,,,,,,,,,,,,,,,,,,,,,,,,,,,,,,,,,,,,,,,,,,,,,,,,,,,,,,,,,,,,,,,,,,,,,,,,,,,,,,,,,,,,,,,,,,,,,,
,,,,,,,,,,,,,,,,,,,,,,,,,,,,,,,,,,,,,,,,,,,,,,,,,,,,,,,,,,,,,,,,,,,,,,,,,,,,,,,,,,,,,,,,,,,,,,,,,,,,,,,,,,,,,,,,,,,,,,,,,,,,
,,,,,,,,,,,,,,,,,,,,,,,,,,,,,,,,,,,,,,,,,,,,,,,,,,,,,,,,,,,,,,,,,,,,,,,,,,,,,,,,,,,,,,,,,,,,,,,,,,,,,,,,,,,,,,,,,,,,,,,,,,,,
,,,,,,,,,,,,,,,,,,,,,,,,,,,,,,,,,,,,,,,,,,,,,,,,,,,,,,,,,,,,,,,,,,,,,,,,,,,,,,,,,,,,,,,,,,,,,,,,,,,,,,,,,,,,,,,,,,,,,,,,,,,,
,,,,,,,,,,,,,,,,,,,,,,,,,,,,,,,,,,,,,,,,,,,,,,,,,,,,,,,,,,,,,,,,,,,,,,,,,,,,,,,,,,,,,,,,,,,,,,,,,,,,,,,,,,,,,,,,,,,,,,,,,,,,
,,,,,,,,,,,,,,,,,,,,,,,,,,,,,,,,,,,,,,,,,,,,,,,,,,,,,,,,,,,,,,,,,,,,,,,,,,,,,,,,,,,,,,,,,,,,,,,,,,,,,,,,,,,,,,,,,,,,,,,,,,,,
,,,,,,,,,,,,,,,,,,,,,,,,,,,,,,,,,,,,,,,,,,,,,,,,,,,,,,,,,,,,,,,,,,,,,,,,,,,,,,,,,,,,,,,,,,,,,,,,,,,,,,,,,,,,,,,,,,,,,,,,,,,,
,,,,,,,,,,,,,,,,,,,,,,,,,,,,,,,,,,,,,,,,,,,,,,,,,,,,,,,,,,,,,,,,,,,,,,,,,,,,,,,,,,,,,,,,,,,,,,,,,,,,,,,,,,,,,,,,,,,,,,,,,,,,
,,,,,,,,,,,,,,,,,,,,,,,,,,,,,,,,,,,,,,,,,,,,,,,,,,,,,,,,,,,,,,,,,,,,,,,,,,,,,,,,,,,,,,,,,,,,,,,,,,,,,,,,,,,,,,,,,,,,,,,,,,,,
,,,,,,,,,,,,,,,,,,,,,,,,,,,,,,,,,,,,,,,,,,,,,,,,,,,,,,,,,,,,,,,,,,,,,,,,,,,,,,,,,,,,,,,,,,,,,,,,,,,,,,,,,,,,,,,,,,,,,,,,,,,,
,,,,,,,,,,,,,,,,,,,,,,,,,,,,,,,,,,,,,,,,,,,,,,,,,,,,,,,,,,,,,,,,,,,,,,,,,,,,,,,,,,,,,,,,,,,,,,,,,,,,,,,,,,,,,,,,,,,,,,,,,,,,
,,,,,,,,,,,,,,,,,,,,,,,,,,,,,,,,,,,,,,,,,,,,,,,,,,,,,,,,,,,,,,,,,,,,,,,,,,,,,,,,,,,,,,,,,,,,,,,,,,,,,,,,,,,,,,,,,,,,,,,,,,,,
,,,,,,,,,,,,,,,,,,,,,,,,,,,,,,,,,,,,,,,,,,,,,,,,,,,,,,,,,,,,,,,,,,,,,,,,,,,,,,,,,,,,,,,,,,,,,,,,,,,,,,,,,,,,,,,,,,,,,,,,,,,,
,,,,,,,,,,,,,,,,,,,,,,,,,,,,,,,,,,,,,,,,,,,,,,,,,,,,,,,,,,,,,,,,,,,,,,,,,,,,,,,,,,,,,,,,,,,,,,,,,,,,,,,,,,,,,,,,,,,,,,,,,,,,
,,,,,,,,,,,,,,,,,,,,,,,,,,,,,,,,,,,,,,,,,,,,,,,,,,,,,,,,,,,,,,,,,,,,,,,,,,,,,,,,,,,,,,,,,,,,,,,,,,,,,,,,,,,,,,,,,,,,,,,,,,,,
,,,,,,,,,,,,,,,,,,,,,,,,,,,,,,,,,,,,,,,,,,,,,,,,,,,,,,,,,,,,,,,,,,,,,,,,,,,,,,,,,,,,,,,,,,,,,,,,,,,,,,,,,,,,,,,,,,,,,,,,,,,,
,,,,,,,,,,,,,,,,,,,,,,,,,,,,,,,,,,,,,,,,,,,,,,,,,,,,,,,,,,,,,,,,,,,,,,,,,,,,,,,,,,,,,,,,,,,,,,,,,,,,,,,,,,,,,,,,,,,,,,,,,,,,
,,,,,,,,,,,,,,,,,,,,,,,,,,,,,,,,,,,,,,,,,,,,,,,,,,,,,,,,,,,,,,,,,,,,,,,,,,,,,,,,,,,,,,,,,,,,,,,,,,,,,,,,,,,,,,,,,,,,,,,,,,,,
,,,,,,,,,,,,,,,,,,,,,,,,,,,,,,,,,,,,,,,,,,,,,,,,,,,,,,,,,,,,,,,,,,,,,,,,,,,,,,,,,,,,,,,,,,,,,,,,,,,,,,,,,,,,,,,,,,,,,,,,,,,,
,,,,,,,,,,,,,,,,,,,,,,,,,,,,,,,,,,,,,,,,,,,,,,,,,,,,,,,,,,,,,,,,,,,,,,,,,,,,,,,,,,,,,,,,,,,,,,,,,,,,,,,,,,,,,,,,,,,,,,,,,,,,
,,,,,,,,,,,,,,,,,,,,,,,,,,,,,,,,,,,,,,,,,,,,,,,,,,,,,,,,,,,,,,,,,,,,,,,,,,,,,,,,,,,,,,,,,,,,,,,,,,,,,,,,,,,,,,,,,,,,,,,,,,,,
,,,,,,,,,,,,,,,,,,,,,,,,,,,,,,,,,,,,,,,,,,,,,,,,,,,,,,,,,,,,,,,,,,,,,,,,,,,,,,,,,,,,,,,,,,,,,,,,,,,,,,,,,,,,,,,,,,,,,,,,,,,,
,,,,,,,,,,,,,,,,,,,,,,,,,,,,,,,,,,,,,,,,,,,,,,,,,,,,,,,,,,,,,,,,,,,,,,,,,,,,,,,,,,,,,,,,,,,,,,,,,,,,,,,,,,,,,,,,,,,,,,,,,,,,
,,,,,,,,,,,,,,,,,,,,,,,,,,,rumpliest|supinator|timeworks|turnpikes,pluralism,homogenization,,shrunken,,refreeze,jaundice,vituperations,appreciation,unreported,,,,acme,,,organophosphate,laundering,refreezing,glamorized,honeymooners|unfrequented,chuffs,sickle,,rekeyed,,fibber,cuscus,yipes,antichrists|centralists|clothespins|mercilessly,convicting,dandles,selenographers,thinned,smirked,befools,abyssal,,sequestrating,conjuring,,patella,snowshoed,transcribers,flaunted|poundage,,sexists,,,,,,,,,,,,,,,,,,,,,,,,,,,unrealistic,inadequate,incomputable,,gadolinium,tabouret,sonorities,gait,heatable,airmobile,coat,tetrad,,,,,,,,,,,,
,,,,,,,,,,,,,,,,,,,,,,,,,,,,,,,,,,,,,,,,,,,,,,,,,"This is NOT a word with property AMENYQEMAU.","This word is associated with the color DJEDKAREISESI.",,,,,,,,,,,,,,,,,,,,,,,,,,,,,,,,,,,,,,,,,,,,,,,,,,,,,,,,,,,,,,,,,,,,,,,,,,
,,,,,,,,,,,,,,,,,,,,,,,,,,,,,,,,,,,,,,,,,,,,,,,,,,,,,,,,,,,,,,,,,,,,,,,,,,,,,,,,,,,,,,,,,,,,,,,,,,,,,,,,,,,,,,,,,,,,,,,,,,,,
,,,,,,,,,,,,,,,,,,,,,,,,,,,,,,,,,,,,,,,,,,,,,,,,,,,,,,,,,,,,,,,,,,,,,,,,,,,,,,,,,,,,,,,,,,,,,,,,,,,,,,,,,,,,,,,,,,,,,,,,,,,,
,,,,,,,,,,,,,,,,,,,,,,,,,,,,,,,,,,,,,,,,,,,,,,,,,,,,,,,,,,,,,,,,,,,,,,,,,,,,,,,,,,,,,,,,,,,,,,,,,,,,,,,,,,,,,,,,,,,,,,,,,,,,
,,,,,,,,,,,,,,,,,,,,,,,,,,,,,,,,,,,,,,,,,,,,,,,,,,,,,,,,,,,,,,,,,,,,,,,,,,,,,,,,,,,,,,,,,,,,,,,,,,,,,,,,,,,,,,,,,,,,,,,,,,,,
,,,,,,,,,,,,,,,,,,,,,,,,,,,,,,,,,,,,,,,,,,,,,,,,,,,,,,,,,,,,,,,,,,,,,,,,,,,,,,,,,,,,,,,,,,,,,,,,,,,,,,,,,,,,,,,,,,,,,,,,,,,,
,,,,,,,,,,,,,,,,,,,,,,,,,,,,,,,,,,,,,,,,,,,,,,,,,,,,,,,,,,,,,,,,,,,,,,,,,,,,,,,,,,,,,,,,,,,,,,,,,,,,,,,,,,,,,,,,,,,,,,,,,,,,
,,,,,,,,,,,,,,,,,,,,,,,,,,,,,,,,,,,,,,,,,,,,,,,,,,,,,,,,,,,,,,,,,,,,,,,,,,,,,,,,,,,,,,,,,,,,,,,,,,,,,,,,,,,,,,,,,,,,,,,,,,,,
,,,,,,,,,,,,,,,,,,,,,,,,,,,,,,,,,,,,,,,,,,,,,,,,,,,,,,,,,,,,,,,,,,,,,,,,,,,,,,,,,,,,,,,,,,,,,,,,,,,,,,,,,,,,,,,,,,,,,,,,,,,,
,,,,,,,,,,,,,,,,,,,,,,,,,,,,,,,,,,,,,,,,,,,,,,,,,,,,,,,,,,,,,,,,,,,,,,,,,,,,,,,,,,,,,,,,,,,,,,,,,,,,,,,,,,,,,,,,,,,,,,,,,,,,
,,,,,,,,,,,,,,,,,,,,,,,,,,,,,,,,,,,,,,,,,,,,,,,,,,,,,,,,,,,,,,,,,,,,,,,,,,,,,,,,,,,,,,,,,,,,,,,,,,,,,,,,,,,,,,,,,,,,,,,,,,,,
,,,,,,,,,,,,,,,,,,,,,,,,,,,,,,,,,,,,,,,,,,,,,,,,,,,,,,,,,,,,,,,,,,,,,,,,,,,,,,,,,,,,,,,,,,,,,,,,,,,,,,,,,,,,,,,,,,,,,,,,,,,,
,,,,,,,,,,,,,,,,,,,,,,,,,,,,,,,,,,,,,,,,,,,,,,,,,,,,,,,,,,,,,,,,,,,,,,,,,,,,,,,,,,,,,,,,,,,,,,,,,,,,,,,,,,,,,,,,,,,,,,,,,,,,
,,,,,,,,,,,,,,,,,,,,,,,,,,,,,,,,,,,,,,,,,,,,,,,,,,,,,,,,,,,,,,,,,,,,,,,,,,,,,,,,,,,,,,,,,,,,,,,,,,,,,,,,,,,,,,,,,,,,,,,,,,,,
,,,,,,,,,,,,,,,,,,,,,,,,,,,,,,,,,,,,,,,,,,,,,,,,,,,,,,,,,,,,,,,,,,,,,,,,,,,,,,,,,,,,,,,,,,,,,,,,,,,,,,,,,,,,,,,,,,,,,,,,,,,,
,,,,,,,,,,,,,,,,,,,,,,,redbird,,batteau,bluecoat,undisclosed,reviewer,baddie,poilu,overcautiously,mouthwash,prerequisite,,forewarning,,,slogger,enforcement,paths,crosshatched,wham,,,,demarche,submitter,freezed,snowed,straddling,swathed|tricked|windbag,litten,axemen,deflagration,,canewares,newborn|norfolk|nosings|notedly,kalpas,excisions,recusants,colanders,homelike,liberators,massy,,,recumbent,execrations,curable,blotchier,,,evoke,stockjobber,remilitarizing,parricidal,centripetally,misgiving,,zestfully,humps,cleanups,pensiones|rifleries|syringing,,,unicameral,,exhibiters,flappiest,,,smocked,knowledgeless,,stomachically,next,,marcher|poacher,descend,servility,ascribed,,mangled,escarped,reeducating,buoyantly,,upheaval,ungoverned,georgia,outrages,upside,,,medieval,jerkiest,delusionist|destitution|nonresidual|nonsalaried,,,,,,,
,,,,,,,,,,,,,,,,,,,,,,,,,"This is a word with property QAKAREIBI.","This is a word with property SOBEKNEFERU.","This is NOT a word with property MAZGHUNA.",,,,,"This is a word with property BIKHERIS.",,,,,,,,,,,,,,,,,,,,,,,,,,,,,,,,,,,,,,,,,,,,,,,,,,,,,,,,"This is a word with property ABUSIR.",,,,,,,,"This word is associated with the concept KHUFU.",,,,,,,,,,,,,,,,,,,,,,,,,,,,
,,,,,,,,,,,,,,,,,,,,,,,,,,,,,,,,,,,,,,,,,,,,,,,,,,,,,,,,,,,,,,,,,,,,,,,,,,,,,,,,,,,,,,,,,,,,,,,,,,,,,,,,,,,,,,,,,,,,,,,,,,,,
,,,,,,,,,,,,,,,,,,,,,,,,,,,,,,,,,,,,,,,,,,,,,,,,,,,,,,,,,,,,,,,,,,,,,,,,,,,,,,,,,,,,,,,,,,,,,,,,,,,,,,,,,,,,,,,,,,,,,,,,,,,,
,,,,,,,,,,,,,,,,,,,,,,sacrolumbar,photometry,sponsorship,,,unbosom,guaranteed,,outtakes,identifier,quotha,,impended,analogically,critiquing,prearrangement,rushed,completer,pronationalist,,decreased,acknowledger,tenement,choreographing,,learner,,tinniness,,substantialized,,sensitizing,cometh|harbor,grace,melange,,chowing,determinably|dough|ravines|recede,,,poloist,reimburses,fatherly,nudnik,transferability,implosive,,,constricting,enlargement,,,,,,,,,,,,,,,,,,,,,,,,,,,,,choky,,undeclared,alpenstocks|shrivelling|wingspreads,,battier,begging,,,forlorner,aeries,precondemning,glaciate,legionaries,extremism,dinosaur|saboteur|travoise,,gubernative,comfit,,,,,,
,,,,,,,,,,,,,,,,,,,,,,,,,,,,,,,,"This is NOT a word with property MEIDUM.",,,,,,,,,,,"This is NOT a word with property MENKAURE.",,,,"This is NOT a word with property NURI.",,,,,,,,,,,,,,,,,,,,,,,,,,,,,,,,,,,,,,,,,,,,,,,,,,,,,,,,,,,,,,,,,,,,,,,,,,,,,
,,,,,,,,,,,,,,,,,,,,,,,,,,,,,,,,,,,,,,,,,,,,,,,,,,,,,,,,,,,,,,,,,,,,,,,,,,,,,,,,,,,,,,,,,,,,,,,,,,,,,,,,,,,,,,,,,,,,,,,,,,,,
,,,,,,,,,,,,,,,,,,,,,,,,,,,,,,,,,,,,,,,,,,,,,,,,,,,,,,,,,,,,,,,,,,,,,,,,,,,,,,,,,,,,,,,,,,,,,,,,,,,,,,,,,,,,,,,,,,,,,,,,,,,,
,,,,,,,,,,,,,,,,,,,,,,,,,,,,,,,,,,,,,,,,,,,,,,,,,,,,,,,,,,,,,,,,,,,,,,,,,,,,,,,,,,,,,,,,,,,,,,,,,,,,,,,,,,,,,,,,,,,,,,,,,,,,
,,,,,,,,,,,,,,,,,,,,,,,,,,,,,,,,,,,,,,,,,,,,,,,,,,,,,,,,,,,,,,,,,,,,,,,,,,,,,,,,,,,,,,,,,,,,,,,,,,,,,,,,,,,,,,,,,,,,,,,,,,,,
,,,,,,,,,,,,,,,,,,,,,,,,,,,,,,,,,,,,,,,,,,,,,,,,,,,,,,,,,,,,,,,,,,,,,,,,,,,,,,,,,,,,,,,,,,,,,,,,,,,,,,,,,,,,,,,,,,,,,,,,,,,,
,,,,,,,,,,,,,,,,,,,,,,,,,,,,,,,,,,,,,,,,,,,,,,,,,,,,,,,,,,,,,,,,,,,,,,,,,,,,,,,,,,,,,,,,,,,,,,,,,,,,,,,,,,,,,,,,,,,,,,,,,,,,
,,,,,,,,,,,,,,,,,,,,,,,,,,,,,,,,,,,,,,,,,,,,,,,,,,,,,,,,,,,,,,,,,,,,,,,,,,,,,,,,,,,,,,,,,,,,,,,,,,,,,,,,,,,,,,,,,,,,,,,,,,,,
,,,,,,,,,,,,,,,,,,,,,,,,,,,,,,,,,,,,,,,,,,,,,,,,,,,,,,,,,,,,,,,,,,,,,,,,,,,,,,,,,,,,,,,,,,,,,,,,,,,,,,,,,,,,,,,,,,,,,,,,,,,,
,,,,,,,,,,,,,,,,,,,,,,,,,,,,,,,,,,,,,,,,,,,,,,,,,,,,,,,,,,,,,,,,,,,,,,,,,,,,,,,,,,,,,,,,,,,,,,,,,,,,,,,,,,,,,,,,,,,,,,,,,,,,
,,,,,,,,,,,,,,,,,,,,,,,,,,,,,,,,,,,,,,,,,,,,,,,,,,,,,,,,,,,,,,,,,,,,,,,,,,,,,,,,,,,,,,,,,,,,,,,,,,,,,,,,,,,,,,,,,,,,,,,,,,,,
,,,,,,,,,,,,,,,,,,,bundler|liefest|scholar|wheaten,somnambulation,caducei,quiddities,serializes,,counties|revenues,boggier,glassier,nattier,intersession,,metalizes|pelletize|quittance,shuffles,euchring,,blenched,synod,,bended,operably,duffy|fatly|prey,toughly,heydey,chaffiest,,dermatology,,trucker,,enzymes,,chipped,,,heatstroke,stupor,milkmen,wonderful,abduction,ostensible,copulatory,contraception,westward,imprecation,,,handsful,litany,motormen,voiceprint,itinerant,dendrological,dibblers,recanters,sowing,,aristocrats,attics,latissimi,wormwoods,,stuff,prosecutors,,sluggishly,,rapping,,lens|lore|sire,acquaints,brownstones|controverts,,payments,,bounces,,dissert,grenades,teaks,,togo,,,univalves,birthmarks,skivvies,forthrightly,incurve,,,briefest,,selectmen,bambino|three,speedwell,burliness|uncurling|underlays,,,bughouse,andesite,magnificence,nomadism,,,
,,,,,,,,,,,,,,,,,,,,,,,,,"This is NOT a word with property MEIDUM.","This is a word with property QAKAREIBI.",,,,,,,,,"This is a word with property MEIDUM.",,,,,,,,,,,,,,,,,,,,"This is NOT a word with property NEFEREFRE.",,,,,,,,,,,,,,,,"This is NOT a word with property MAZGHUNA.",,,,,,,,,,,,,,,,,,,,,,,,,,,,,,,,,,,,,,,,,,,"This is a word with property MEIDUM.",,,,,,,,,,
,,,,,,,,,,,,,,,,,,,,,,,,,,,,,,,,,,,,,,,,,,,,,,,,,,,,,,,,,,,,,,,,,,,,,,,,,,,,,,,,,,,,,,,,,,,,,,,,,,,,,,,,,,,,,,,,,,,,,,,,,,,,
,,,,,,,,,,,,,,,,,,,,,,,,,,,,,,,,,,,,,,,,,,,,,,,,,,,,,,,,,,,,,,,,,,,,,,,,,,,,,,,,,,,,,,,,,,,,,,,,,,,,,,,,,,,,,,,,,,,,,,,,,,,,
,,,,,,,,,,,,,,,,,,acidulously,,notional,adventitiousness,magistrateship,participates|repacified,flossies,,,renewable,visaing,bousy,shortchanges,primrose,,,secrecy,notify,chinned,flenser,nth,sulk,waugh,dozed|knock|theta,chessman,,selection,etym,snickery,evertors,,,darkener,biennials,asymptote,penultimate,newscaster,lifeguard,,lantern,knuckler,saintliest,milksop,matrilineal,driblet,,frogman,superman,,sideliner,saddleries,peccaries,suitings,disappoints,clamored,halfbacks,commixt,hid|his|hit,rearmed,healthiness,amaryllis,,abbacy,,bossiness,potences,,resists,belonging,breakings,involvements,cossets|mullers|tipless,cloned,regardless,puzzle,logways,hipsters,efts,pallid,falsities,defamer,adjectives,develops,asbestos,stutterers,bureaucrats,exposits,,quintette|toothiest|usualness,floats,chimerical,jealousness,presto,dissimulation,password,prearmed,,generalizable,impalpability,protectionist,dubieties,unbiased,burnie,circum,mantle,,
,,,,,,,,,,,,,,,,,,"This is NOT a word with property KHUI.",,,,,,,,,,,,"This is NOT a word with property NURI.",,,,,,,,,,,,"This is NOT a word with property LISHT.",,,,"This is NOT a word with property MENKAURE.",,,,,,,,,,,,,,,,,,,,,,,"This is NOT a word with property BIKHERIS.",,,,,,"This is a word with property MENKAURE.",,,,,,,"This is a word with property HAWARA.",,,,,,,,,,,,,,,,,,"This is NOT a word with property BIKHERIS.",,,,,,,,,,,,,,,,,,,,,,,,
,,,,,,,,,,,,,,,,,,,,,,,,,,,,,,,,,,,,,,,,,,,,,,,,,,,,,,,,,,,,,,,,,,,,,,,,,,,,,,,,,,,,,,,,,,,,,,,,,,,,,,,,,,,,,,,,,,,,,,,,,,,,
,,,,,,,,,,,,,,,,,,,,,,,,,,,,,,,,,,,,,,,,,,,,,,,,,,,,,,,,,,,,,,,,,,,,,,,,,,,,,,,,,,,,,,,,,,,,,,,,,,,,,,,,,,,,,,,,,,,,,,,,,,,,
,,,,,,,,,,,,,,,,,,,,,,,,,,,,,,,,,,,,,,,,,,,,,,,,,,,,,,,,,,,,,,,,,,,,,,,,,,,,,,,,,,,,,,,,,,,,,,,,,,,,,,,,,,,,,,,,,,,,,,,,,,,,
,,,,,,,,,,,,,,,,,,,,,,,,,,,,,,,,,,,,,,,,,,,,,,,,,,,,,,,,,,,,,,,,,,,,,,,,,,,,,,,,,,,,,,,,,,,,,,,,,,,,,,,,,,,,,,,,,,,,,,,,,,,,
,,,,,,,,,,,,,,,,,,,,,,,,,,,,,,,,,,,,,,,,,,,,,,,,,,,,,,,,,,,,,,,,,,,,,,,,,,,,,,,,,,,,,,,,,,,,,,,,,,,,,,,,,,,,,,,,,,,,,,,,,,,,
,,,,,,,,,,,,,,,,,,,,,,,,,,,,,,,,,,,,,,,,,,,,,,,,,,,,,,,,,,,,,,,,,,,,,,,,,,,,,,,,,,,,,,,,,,,,,,,,,,,,,,,,,,,,,,,,,,,,,,,,,,,,
,,,,,,,,,,,,,,,,,,,,,,,,,,,,,,,,,,,,,,,,,,,,,,,,,,,,,,,,,,,,,,,,,,,,,,,,,,,,,,,,,,,,,,,,,,,,,,,,,,,,,,,,,,,,,,,,,,,,,,,,,,,,
,,,,,,,,,,,,,,,,,,,,,,,,,,,,,,,,,,,,,,,,,,,,,,,,,,,,,,,,,,,,,,,,,,,,,,,,,,,,,,,,,,,,,,,,,,,,,,,,,,,,,,,,,,,,,,,,,,,,,,,,,,,,
,,,,,,,,,,,,,,,,,,,,,,,,,,,,,,,,,,,,,,,,,,,,,,,,,,,,,,,,,,,,,,,,,,,,,,,,,,,,,,,,,,,,,,,,,,,,,,,,,,,,,,,,,,,,,,,,,,,,,,,,,,,,
,,,,,,,,,,,,,,,,,,,,,,,,,,,,,,,,,,,,,,,,,,,,,,,,,,,,,,,,,,,,,,,,,,,,,,,,,,,,,,,,,,,,,,,,,,,,,,,,,,,,,,,,,,,,,,,,,,,,,,,,,,,,
,,,,,,,,,,,,,,,mazurka,,buoyage,,ineligibly,,animating,,nervelessly,volitionally,projectionist,enchaining,skink,merchantry,,put,creaminess,begot,repenters,grandsons,flimflam|shacking,antedating,,womenfolk,assentors,plunger,undocks,vaccinators,milks,,colludes,,disjoints|liveryman|twinkling,ablations,,gainsayers,speeders,femora,mandibular,,nutrimental,foretop,melanesians,debaters,,allegheny,,epergnes|zips,antipyresis,,abase,guideposts|stridently,viers,,dialyzes,preordained,,,toxical,,gathers,corkscrewing,nudisms,,,levitates,miscellanies,,conceitedly|constructed,skyjacks,navigator,ribby,marshlands,,sextiles,,panama,pome,misspelling,deerskins,donations,obsessive,sheepishness,complainers|contemplate|reenslaving,stiffen,prerequisites,broths,batts,viscounts,thawless,breakthroughs,boxer,biologist|progenies|reanalyze,,,,spelunks,virile,aphasiacs,yon,preinstructs,,apprehending,,culturally,discussed,investigational,,regauging,cupcake,rustable
,,,,,,,,,,,,,,,,,,,,,,,,,,"This is a word with property HAWARA.",,,,"This is a word with property NEFEREFRE.",,,,,,,,,,,"This is a word with property AMENEMHAT.",,,,,,,,,,,,,,,,,,,,,,"This is NOT a word with property SOBEKNEFERU.",,,,,,,,,,,,,,,,,,,,,,,,,,,,,,,,,,,,,,,"This is a word with property MEIDUM.",,,,,,,,,,,"This is NOT a word with property UNAS.",,,,,,,"This is a word with property SETHKA.",,,,
,,,,,,,,,,,,,,,pudgily,microanalytic,intentional,resembled,contortionist,raggeder,banteringly,bypassing,,glinting,turbojet,lankest,anyway,convexly,overachieving,,swimmer,,phasing,,patented,thanked|whanged,discipliners,,datum,caviler,divulgers,,potsherds|sunspot|unknotted,,grumbles,genes,crockets,grounders,,,,presets,diphthong,,obfuscate,paperweights,beflags,forayer|forbearer|forseeable|foyers,,fruitlets,librates,,,fuzziness,tonsillotomy,contorted,sintered,masterminded|mislabelling|rebroadcasts|scatterbrain,,nudists,cladding,deco,,jake,venal,englishes,,statehouses,inflating,shapers,,hooky,malformations,modifying,dupe,commodiously,,,,,,,,,,,,,,,led,vanished,have,mouthers,pinspotters,jobbers,moonlights,winglets,,haggises,protegees,lapidists,,danglers,funiculars|profitably,hydrous,fists,loiter|nature|rotate|sinner,vetting,hillocky,storekeeper|theretofore,pastoring,sentenced,pair,worldliest
,,,,,,,,,,,,,,,,,,"This is NOT a word with property SOBEKNEFERU.",,"This is NOT a word with property SOBEKNEFERU.",,"This is a word with property SETHKA.",,,,,,,,,,,,,,,,,,,,,,,,,,,,,,"This is a word with property KHUI.",,,"This is NOT a word with property KHUI.",,"This is NOT a word with property SETHKA.",,,,,,,,,,,,,,,,,,,,,,,,,,,,,,,,,,,,,,,,,,,,,,,,,,,,,,"This is NOT a word with property QAKAREIBI.",,,"This is a word with property KHUI.",,,,,,,,,,
,,,,,,,,,,,,,,spine,costively,beauteously,,abhorrence,telephoner,bundled,bespectacled,blenches|falchion,nonrhythmic,chatelaine,,,raptor,coincidental|frowsier|mycology|woollier,grounding,,escalator,photoing,jeopardizing,distiller|falconers,deregulating,racks,cocas,dehydrogenates,,jerries,selvages,,presentations,getup,,gangplows|truckling,doomsdays,,,odorants,cukes,,futuristic,reanalyzes,diesels,flatulent,gainsayer,tertial,,wafer,obverses|shiverer,coquettish,smellers,glissading,deltas,misarrangements,commence,geomorphology|quarterstaves|relinquishers|whithersoever,ensuing,feasibleness,approver,,airbrushes,jaggs,lithos,,gloaters,delectations,,recap,stenographically,loopers|photogs|rootier,,bushwhacks|whippets|whittler,,dabble,,supplanter,littlenecks,dinghies,collaborates,swashers,censuring,berths,periodicals,tenuousness,songfully,,,,site,consultants,datives,larding,funfairs,,typicalness,awesomeness,,rem,autogyros,monists,compoundable|dashing|recurrence|secretions,ictus,flirtatious,refed,berobed,,rhubarbs,,hasting,restrictionist,antiradical,cryptically,flower,demasculinize
,,,,,,,,,,,,,,,"This is NOT a word with property PEPI.",,,,,"This is a word with property QAKAREIBI.",,,,,,,,,,,,,,,,,,,,,,,,,,,,,,,,,,,,,,,,,,"This is NOT a word with property HAWARA.",,,"This is NOT a word with property AMENYQEMAU.",,,,,,,,,,,,,,,,,,,,,,,,,,,,,"This is a word with property QAKAREIBI.",,,,,,,,,,,,,,,,"This is NOT a word with property BIKHERIS.",,,,,,,,,,,,,,,"This word is associated with the color KHENDJER."
,,,,,,,,,,,,,,,,,,,,,,,,,,,,,,,,,,,,,,,,,,,,,,,,,,,,,,,,,,,,,,,,,,,,,,,,,,,,,,,,,,,,,,,,,,,,,,,,,,,,,,,,,,,,,,,,,,,,,,,,,,,,
,,,,,,,,,,,,,,,,,,,,,,,,,,,,,,,,,,,,,,,,,,,,,,,,,,,,,,,,,,,,,,,,,,,,,,,,,,,,,,,,,,,,,,,,,,,,,,,,,,,,,,,,,,,,,,,,,,,,,,,,,,,,
,,,,,,,,,,,,,,,,,,,,,,,,,,,,,,,,,,,,,,,,,,,,,,,,,,,,,,,,,,,,,,,,,,,,,,,,,,,,,,,,,,,,,,,,,,,,,,,,,,,,,,,,,,,,,,,,,,,,,,,,,,,,
,,,,,,,,,,,,,,,,,,,,,,,,,,,,,,,,,,,,,,,,,,,,,,,,,,,,,,,,,,,,,,,,,,,,,,,,,,,,,,,,,,,,,,,,,,,,,,,,,,,,,,,,,,,,,,,,,,,,,,,,,,,,
,,,,,,,,,,,,,,,,,,,,,,,,,,,,,,,,,,,,,,,,,,,,,,,,,,,,,,,,,,,,,,,,,,,,,,,,,,,,,,,,,,,,,,,,,,,,,,,,,,,,,,,,,,,,,,,,,,,,,,,,,,,,
,,,,,,,,,,,,,,,,,,,,,,,,,,,,,,,,,,,,,,,,,,,,,,,,,,,,,,,,,,,,,,,,,,,,,,,,,,,,,,,,,,,,,,,,,,,,,,,,,,,,,,,,,,,,,,,,,,,,,,,,,,,,
,,,,,,,,,,,,,,,,,,,,,,,,,,,,,,,,,,,,,,,,,,,,,,,,,,,,,,,,,,,,,,,,,,,,,,,,,,,,,,,,,,,,,,,,,,,,,,,,,,,,,,,,,,,,,,,,,,,,,,,,,,,,
,,,,,,,,,,,,,,,,,,,,,,,,,,,,,,,,,,,,,,,,,,,,,,,,,,,,,,,,,,,,,,,,,,,,,,,,,,,,,,,,,,,,,,,,,,,,,,,,,,,,,,,,,,,,,,,,,,,,,,,,,,,,
,,,,,,,,,,,,camber,,enthusiastically,stroboscope,,sacheted,splosh,clank,pray,heirdoms|theurgic,gosh,,malady,resown,,vouched,cupful,platinic,,atlantic|generics,vastly,chuffy,boney,,billfolds,ss,,gurgles,phrenologies|serigraphers,murkiness|unjointed|workwomen,caveats,senate,blasts,,manicurists,needs,catsups,,commercially,maelstrom|windiness,centipedes|hotblooded|reschedule|superceded,truncations,installation,yids,inductees,middler,implants,,,,,,,,,,,,,,,,,,,,,,,,,,,,,,,,,,,,,,,,,,gambas,denaturants,,pinworms,crowed,correlates,abusive,accusals,nighters|smartest|tern|westerns,,ocellus,obtrusions,aconites,accounters,,coeds,nonsalaried,cryogenics,candlesticks,kinesthesias,resolutions,awfuller,legal,edifying,accelerable,insecticide,cavorting,distilling,temporality,lousy
,,,,,,,,,,,,,,,"This is NOT a word with property NEFEREFRE.",,,"This is a word with property BIKHERIS.",,,,,,,,,,,,,,,,,,,"This is a word with property LISHT.",,"This is NOT a word with property SOBEKNEFERU.",,,,,,,,,,,,,,,,,,,,,,,,,,,,,,,,,,,,,,,,,,,,,,,,,,,,,,,,,,,,,,,,,,,,,,,,,,,,,,,,,,"This is a word with property MAZGHUNA.",,"This is a word with property SETHKA.",
,,,,,,,,,,,,knowable,tenderized,fezzed,bantu,,can|cornel|men|win,herbier,lumps|lustrum|opium|slump,pachysandra,whiny,,copyboy,deworm,,trustwoman,genuflecting,frostily,flirtingly|nightshirt|triflingly,munches,shirt,commandoes|pitchily,,fuse|fusee|fusees|fusses,nettles,yanks,peripatetic,ambitions,,lameds|premeds,bey|obey|obeyer,railbird|railings|rainfall,handlooms,quits,noughts,,beetroots,treaters|trenton|tressy,,refocus,,,,flicks,silvering,futureless|trimesters,retelling,luminesces,belgian|cleated,crinkles,lotted,vasodilator,handcrafting,cache|cecal|chaff,proverbed,lotteries,behavers,rakers,vacationists,maniocs,achenes|acutely|befouls|godwits,sleepwalk,acquitted,mossiness|willfully,asphyxiating|pygmalionism|sphygmograph,,ducklings|lambskins,annuitants,chameleon,,,,windowing,monetarists,rubbling,constituencies,,,,dewing,joylessness,inflammatory,wirephotos,,libelers,skylights,page,,sorts,brevets,farrago,cirrus,obstructers,nattiness,fleshers,handballs,,,carollers,,,wots,dissimulator,carports,parers,,,,babyhood,drys,cookeys,,sprouts,detonate,toddled,carbonate,submerse
,,,,,,,,,,,,,,,,,,,,,,,,,,,,,,,,,,,,,,,,,,,,,,,,,,"This is NOT a word with property MEIDUM.",,,,,,,,,,,,,,,,,,,,,"This is NOT a word with property MEIDUM.",,"This is NOT a word with property KHUI.",,,,,,,,,,,,,,,,,,,,,,,,,,,,,,,,"This is a word with property BIKHERIS.","This is NOT a word with property SOBEKNEFERU.",,,,,,,,,,,,,,"This is a word with property LISHT.","This is a word with property KHUI.",,,
,,,,,,,,,,,tangibly,audiologist|ingratiated|intercalate|ultramarine,symboled,,,expert,,bioresearch,,restrainer,lustiest,transcript,hipparchs,supt|tort|yet,kitchen,exercisable,,plyer,gratifyingly,spathal,rewardingly,,parades,pipeline,dominican|itinerary|overlarge|suzerains,twiddlers,invalidness,occiputs,pone,,embodiments,ceramic,dissuades,,placarders,,counts,poplins,alloyed,wicks,bursaries,assonance|equestriennes|unkennel,slaveys,,,,,,sleepwalking,calculates,yarning,stereos,,odorants|sullener,,,poppycock,,tyrannicalness,,,mezzanine,,stowed,undermines,,nobelist,bolsters,,wearables,suckling,nodules,catapulted,,agriculturally,,suspecting,,nounally,,ergotisms,squabbler,,harassed,,censured,kajeput,gavots,,cultivates,,pegasus,aloneness,snotty|teratosis|wheres,gourmands,,attentive,engines,genitors,puffiness,shillelaghs,anilins,soundlessly|throughways,,pondered,wobblers,localites,sacristry|westwards|willfully,exterminates,row,,benefactresses,skylarking,icicles,daysides,sufflates,bolding|carding|midgets|trifold,grimier
,,,,,,,,,,,,,,,,"This is a word with property ABUSIR.",,,,,,,,,,"This is a word with property ABUSIR.",,,,,,,,"This is a word with property MERENRE.",,,,"This is NOT a word with property AMENYQEMAU.",,,,,,,,,,,,,,,,,,,,,,,,,,,,,"This is NOT a word with property MENKAURE.",,,,,,,,,,,,,,,,,,,,,,,,,"This is NOT a word with property QAKAREIBI.",,,,,,,,,,,,,,,,,,"This is NOT a word with property LISHT.",,,,,,,"This is a word with property MERENRE.",,,"This is a word with property NEFEREFRE.",,,,
,,,,,,,,,,,orangery,misadministration,caddying,increasers,ichthyophagous,,deported,garden,hypnic,,haircloth,tortoni,hymnody,,think,,dowsed,broncho,deflect,adversely,,,,jackknifed|jackknifes,underpins,motorcades,capillaries,,toiled|toilers,enswathes,repacks,insignias,,eaux|emergent|enclosed|encoders,kinematic,pressruns,tests,lacey,,administers|unchastened,baleens|balefire|balkier,decontrols,proclaiming,,,,asymptotically,ambassadress,,,baptizes|hovering|ratlines,gripping,serfhoods,bunting,screener,,corrodes,crossover,depressor,backstops|blessings|nightjars,,resubmissions,enrolls,skydives,haunches,whiten,secularly,,,critters|greyness|twirling,rankled,bawling,,swizzling,tagged|tare,toothsome,pokeweeds,,,rioting,,starving,,thirteen,viscus,piggy|piper,averring,,,melanogen,kicked,volvoxes,disparagements,fittable,redress,cosponsorships,,clangors,appendices,apologist|despisers|kymograph|plethoras,sneerers,hakeems,storylines,rimless,bartenders,,allurements|intercessor,antimicrobial|luminescing|magnanimity,,civil,utero,outworkers,,,canal,interlard,misdated,unsubdued,argent
,,,,,,,,,,,,,,,,,,"This word is associated with the color SAHURE.",,,,,,,,,"This is NOT a word with property ABUSIR.",,,,,"This is NOT a word with property AMENEMHAT.",,,,,"This is a word with property MAZGHUNA.",,,,,,,,"This is a word with property MERENRE.",,,,,,,,,,,,,,,,,"This is NOT a word with property ABUSIR.","This is a word with property KHUI.",,,,,,,,,,"This is NOT a word with property UNAS.",,,,,,,,,,,,,,,,,,,,,"This is NOT a word with property DJOSER.",,,,,,,,,,,,,,"This is NOT a word with property HAWARA.",,,"This is a word with property MEIDUM.",,,,,,,,,,,,,,"This word is associated with the color DJEDKAREISESI."
,,,,,,,,,,,,,,,,,,,,,,,,,,,,,,,,,,,,,,,,,,,,,,,,,,,,,,,,,,,,,,,,,,,,,,,,,,,,,,,,,,,,,,,,,,,,,,,,,,,,,,,,,,,,,,,,,,,,,,,,,,,,
,,,,,,,,,,,,,,,,,,,,,,,,,,,,,,,,,,,,,,,,,,,,,,,,,,,,,,,,,,,,,,,,,,,,,,,,,,,,,,,,,,,,,,,,,,,,,,,,,,,,,,,,,,,,,,,,,,,,,,,,,,,,
,,,,,,,,,,,,,,,,,,,,,,,,,,,,,,,,,,,,,,,,,,,,,,,,,,,,,,,,,,,,,,,,,,,,,,,,,,,,,,,,,,,,,,,,,,,,,,,,,,,,,,,,,,,,,,,,,,,,,,,,,,,,
,,,,,,,,,,,,,,,,,,,,,,,,,,,,,,,,,,,,,,,,,,,,,,,,,,,,,,,,,,,,,,,,,,,,,,,,,,,,,,,,,,,,,,,,,,,,,,,,,,,,,,,,,,,,,,,,,,,,,,,,,,,,
,,,,,,,,,,decompensation|predictability,penults,,cholers,answerer,timeliest,contemporary,,,,,,,,,,,,,,,,,,,,,,,,,,,,,,,,,,,,,,,,,,,,,,,,,,,,,,,,,,,,,,,,,,,,,,,,,,,,,,,,,,,,eponymies,marshals,blenders,instructorships,,melodizes,,physics,grooves,redefined,,massedly,,accentuator,plunking,jolters,scatterbrains,,mer,,,,,flirts,titans,diaphragm,sunglow,ditchless,relict,tenderability,readjustable
,,,,,,,,,,,,,,,,,,,,,,,,,,,,,,,,,,,,,,,,,,,,,,,,,,,,,,,,,,,,,,,,,,,,,,,,,,,,,,,,,,,,,,,,,,,,,,,,,,,,,,,"This is a word with property BIKHERIS.",,,,"This word is associated with the color DJEDEFRE.","This is NOT a word with property NEFEREFRE.",,,,,,,,,,,,,,,"This is NOT a word with property MERENRE.","This is NOT a word with property PEPI."
,,,,,,,,,,,,,,,,,,,,,,,,,,,,,,,,,,,,,,,,,,,,,,,,,,,,,,,,,,,,,,,,,,,,,,,,,,,,,,,,,,,,,,,,,,,,,,,,,,,,,,,,,,,,,,,,,,,,,,,,,,,,
,,,,,,,,,,,,,,,,,,,,,,,,,,,,,,,,,,,,,,,,,,,,,,,,,,,,,,,,,,,,,,,,,,,,,,,,,,,,,,,,,,,,,,,,,,,,,,,,,,,,,,,,,,,,,,,,,,,,,,,,,,,,
,,,,,,,,threaper,regilt,lamebrain,,lichi,pulp,surfeit,portage,lisp,,check|coffing|imbalances|syntax,venturous,braincase,,,badland,,stringy,tailspins|trustable,larky,ceremony,spec,catechist,phenological,,,cuirasses,,subsidizes,highhandedness,conduces,,,pamphlets,cosmisms,cripplers,preascertains,creepages,bushidos,,,irony|strew|tatty|treys,anticlimactically,hiss,silly,understandings,organizationally,,,skinner,,softball|softened|softener|softness,,,tacklers,douglas,mitiest,preplan,analyze,,unearths|uneasily,homonymies,attitudinized,paganizing,rollicked,swizzled,,offshore,flaring,,,comprized,,yolked,creepers,,confections,impaled,,hillier|widdies,,undertook,qatar,am,brotherhood|tetrahedron,citrons,,uncertainties,,,calvinist|confreres|ninetieth,feminines,caponized,parsleys,praecoces,messmen,cupsful|injures,,islanding,infielders,,tarpons,,beret,compatibleness,doctrines|reinducts|relapsing|weltings,capotes,,pitches,sutras,,staffers,,tagalogs,rarefiers,poled|sulfates,liberations,picadors,northward,stere,jeepers,fragmental|judgmental
,,,,,,,,,,,,"This is a word with property DJOSER.",,,,,,,,,,,"This is NOT a word with property MAZGHUNA.",,,,,,,,,,,,,,,,,,,,,,,,,,,"This is a word with property MAZGHUNA.","This is a word with property MENKAURE.",,,,,,,,,,,,,,,,,"This is a word with property AMENEMHAT.",,,,"This is NOT a word with property MERENRE.",,,,,,,,,,,,,"This is NOT a word with property QAKAREIBI.",,,,,"This word is associated with the color ILLAHUN.","This is a word with property MENKAURE.",,"This is NOT a word with property HAWARA.",,,,,,,,,,,,,,,,,,"This word is associated with the color ILLAHUN.",,"This is NOT a word with property SOBEKNEFERU.",,,,,,,,,,,
,,,,,,,modernization,amendment,geochemists,instil,,strep,,pact,snatchiest,,snort,overstretches|pennsylvanian|sexagenarians,hounds|redound|rounded|sunder,revengefully,corianders|maundering|remainders,wheelchairs,caparisoned|capillaries|machineries,flamier,chimaera,,,revery,tradesman,streaked|trebly,,nutritively,newsrooms,ultimates,,blithers,agriculturalist,cichlid,deputed,yam,,,snivels,capsicums,nickered,kinetic,kotos,zig,factiously|modularity,,,shrillness,realms,fume,,,flushers,suggestive,,acts,frankly|latched,circle,animater,bursars,synodical,libels,shunts,,overclouding,,dally,lascars,,buggy,walkings,acculturate,axillar,refix,,ancestress,sheenful,colossians|socialists,pressrun,awarded,emollients,,irresponsibly,,,sums,yappers,moiling,changes|hardens|harming|harping,enroller,jiffs,mobilizations,scaleless,,headmistresses,turgors,soloists,impressionis,purificatory|temperatures,episodically,estonian|neatness|sonatine,oxygens,shooflies,vocalic,fluttery,,apatite|earlaps,,asserters,addressers,homeostatic,sugarless,microanalyses,,modularity|overbuying|purgatives|volumetric,apocryphalness,orgeats,introduces,hebraizing,researchers,ganglionic,belch|check|coach,leipzig,gaslit|ruin|stir|twin,tribunal,clavicular,permanency
,,,,,,,,,,,,,,,,,,"This is a word with property PEPI.",,,,,,,,,,,,,,,,,,"This is a word with property QAKAREIBI.",,,,"This is a word with property MEIDUM.",,,,,,,"This is NOT a word with property NEFEREFRE.",,"This is NOT a word with property HAWARA.",,,"This is a word with property AMENYQEMAU.",,,,,,"This is a word with property MAZGHUNA.",,,,,,,,"This is NOT a word with property MENKAURE.",,,,,,,,,,,,,,,,,,,,,,,,,,,,,"This is a word with property KHUI.",,,,"This is NOT a word with property NURI.",,,,,,,,,,,,,,,,,,,,,,,"This is NOT a word with property LISHT.",,,"This is NOT a word with property MAZGHUNA."
,,,,,,,variously,,diphtheria,alway,confide,syrinx,overmatched,jetting|tiffins,committable,dashing,ambuscaded|arachnoid|bartended|beefiest,forebay,,agouty|gizmos|rewedding,,,straighteners,bogled,pupates,,tetrarch,bock,,drumstick,paunches,longings,mythos,disfranchising,,,complexions,gentlefolk,citrus,stilettos,sennits,mice,,flagstaff|floggings|lallygags,ciliata|denudes|fencers|fillies,vintagers,,laved,felon,wifeliest,,,embroiling,neckties,blessing|fighters|gristles|sharping,dispossesses|masslessness|possessors,footing|gneissic|huggers|polling,hasidim,widths,,manifoldly,axial|osage,,bedsprings,soberize,penciled,embedded,tressiest,,scaling,,missort,interrogating,rooster,entireness,shovelled,starvers,,differentiating,aspirers|drearily|hoopster|porthole,,pancreas,,intricacies,acknowledged,,skeptics,transcended,,degenerateness,boils,albacores,isolator,macers,pickles,bordels,haggis|jails,redolent,wearers,alkalify|flus,become,,narcohypnoses,,debts|spars|xylan,recur,tartuffes,oxide,gaseousness,magnetics,,bigwigs,ledgeless,medullas,helves,recuperates,,stalwarts|yoghurts,laciest|motlier|penates|politer,adjoints,britannica,bicarb|cages|ceder,tailors,unclogged,illegality|sideslips|williwaw,cytologies,hutched,folk,secobarbital,dognap,awesomely,stinkier
,,,,,,,,,,"This is NOT a word with property MAZGHUNA.",,,,,,,,"This is NOT a word with property MAZGHUNA.",,,,,,,,,,"This is a word with property QAKAREIBI.",,,,"This is a word with property KHUI.",,,,,,,"This word is associated with the color GIZA.",,,,,,,,,,,,,,,,,,,,,,,,,,"This is a word with property MERENRE.",,,,,"This is NOT a word with property UNAS.",,,,,,,,,,,,,,,,,,,,"This is a word with property PEPI.",,,,,,,"This is NOT a word with property MEIDUM.",,,,,,,,,"This is a word with property AMENYQEMAU.",,"This is NOT a word with property MEIDUM.",,,,,,,,,,,,,,,,
,,,,,,neurovascular,dihedral,severability,fining,eschewed,crested,calibrator,,,fizzled,sauerkraut|shallowest|welshwoman,,sufferance,zoogeographical,remaindering,,,excitability,soddening,,code,nietzsche,maunder,denuclearized,triable,warmups,nostrils|rotators,retentiveness,tryingly|youthens,,floods,fresno,parroters,mage,clangs|jimmying|snowdrops|witchy,sloop|slope|sloppiness|slouchiest,,dialists,lymphs,selectees,engorges,cirrostratus,dagobas,prolongs,intimates,,,,,crosscut,mime,westernizes,cultivatable,overtop,infectiously,cuboids,,,peroxiding,,,noncollapsable,cribbage,,luffing,,,,folds,,rasing,,stencilling,,lapsed,deducting,dolesome,,gyroscopes,,valuators,widdled,hesitancies,,adjudging,stylings,jigsawn|knocked|misunderstands,glances,,bighorns,recruits,kryolites,philology,mystiques,grillages,subgenuses,wagers,fenders|lowborn|mantrap,,adeptness,genevas,,spates,,,koppies,appointments,rallyings,regicides,blueberry|frescoers|grosgrain|microcosm,ludicrous,whiteness,fringeless,,,everything,,,featherbrain|hybridism|penalizes,contrary,swinge,chasms,cavalry,other,repletion
,,,,,,,,,,,"This is a word with property SETHKA.",,,,,"This is a word with property BIKHERIS.",,,,,,,"This is a word with property ABUSIR.",,,,,,,,,,,,,,"This is NOT a word with property NURI.",,,,,,,"This is a word with property LISHT.",,,,,"This is NOT a word with property HAWARA.",,,,,,,"This is a word with property SOBEKNEFERU.",,,,,,,,,,,,,,,,,,,,,,,,,,,,"This is NOT a word with property ABUSIR.",,,,,,,,,,,,"This is a word with property KHUI.",,,,,,,,,,,,"This is NOT a word with property MEIDUM.",,,,"This is NOT a word with property ABUSIR.",,,,,,,,,"This word is associated with the concept SEKHEMKHET.",,,
,,,,,,,,,,,,,,,,,,,,,,,,,,,,,,,,,,,,,,,,,,,,,,,,,,,,,,,,,,,,,,,,,,,,,,,,,,,,,,,,,,,,,,,,,,,,,,,,,,,,,,,,,,,,,,,,,,,,,,,,,,,,
,,,,,,,,,,,,,,,,,,,,,,,,,,,,,,,,,,,,,,,,,,,,,,,,,,,,,,,,,,,,,,,,,,,,,,,,,,,,,,,,,,,,,,,,,,,,,,,,,,,,,,,,,,,,,,,,,,,,,,,,,,,,
,,,,,,,,,,,,,,,,,,,,,,,,,,,,,,,,,,,,,,,,,,,,,,,,,,,,,,,,,,,,,,,,,,,,,,,,,,,,,,,,,,,,,,,,,,,,,,,,,,,,,,,,,,,,,,,,,,,,,,,,,,,,
,,,,,,,,,,,,,,,,,,,,,,,,,,,,,,,,,,,,,,,,,,,,,,,,,,,,,,,,,,,,,,,,,,,,,,,,,,,,,,,,,,,,,,,,,,,,,,,,,,,,,,,,,,,,,,,,,,,,,,,,,,,,
,,,,,rembrandt,cultural,douching,,foxy,polk,sapsucker,abaft,french,,mechanically,jest,,classicalism,exurbanites|sequestrate|zealousness,budged,crenelated,,dropsies,scotchman,,,sumach,stolid,deionizes|kitsches|lusterless|miters,hydros,propers,rapture,collectives,,,jolts,whaler,lime|meat|meek|meld,objective,ricercars,cardiotherapies,,,classifications,cowbirds,wise,kinghoods,,acute,tires,nominates,,oysterer,abler|baler,decanter,hispanics,,doggy,encapsulates,worshipping,lunkers,remedially,untranscendentally,,unforbidden,carpeted,,transpires,cobby,accreting,,nonethicalness,mobbish,,blacksmith|lambasting|scrambling|unshackled,asseverated,cockpits,,septettes,maying,,joyfuller|raffishly,magistrates,extirpating,,windwards,bests,,,bolshevists,,fatalisms,pissoir|presages|seep,,idols|wanderings,cyclonal,,cannabises,,canals,nouns,bursts,,,,laded,distortions,floggers,adolescents,ricketiness,,bourgs,adenine,impossibleness,,,jaywalkers,angleworms,posed,,,,humbleness,masochism,remade,plow,bowknot,harold,transcendent,chiseled,shack,paratyphoid,paleography
,,,,,,,,,"This is a word with property MENKAURE.",,,,,,,,,,,,"This is a word with property SETHKA.",,,,,,,,,,,,,,,,,,,,,,,,,,,,,,,,,,,,,,,,,,"This is a word with property HAWARA.",,,"This is NOT a word with property MERENRE.",,,,,,,,,,,"This is NOT a word with property QAKAREIBI.",,,,,,,,,"This is NOT a word with property ABUSIR.",,,,"This is a word with property KHUI.",,"This is NOT a word with property MEIDUM.",,,"This is NOT a word with property MERENRE.","This is NOT a word with property DJOSER.",,,,,,,,,,,,,,,,,"This is a word with property MERENRE.",,,,,,,,,,,"This is NOT a word with property MENKAURE."
,,,,,,,,,,,,,,,,,,,,,,,,,,,,,,,,,,,,,,,,,,,,,,,,,,,,,,,,,,,,,,,,,,,,,,,,,,,,,,,,,,,,,,,,,,,,,,,,,,,,,,,,,,,,,,,,,,,,,,,,,,,,
,,,,,,,,,,,,,,,,,,,,,,,,,,,,,,,,,,,,,,,,,,,,,,,,,,,,,,,,,,,,,,,,,,,,,,,,,,,,,,,,,,,,,,,,,,,,,,,,,,,,,,,,,,,,,,,,,,,,,,,,,,,,
,,,,viewfinder,neuropath,dangerously,april|fibril,psychophysically,finking,infecund,juxtaposed|maser|meaningful,zinc,decorously,asphyxiate,,blanch,,blindfold,sheepfolds,kerb,nontechnical,blowback,,chastens,,stag,putsch|sharpy,chromo,allheals,,weald,dirtiest,advisement,pursuer,captivate,,pointedly,,qualify,cameralist,thermoplastic,overheard,indemnity,palestine,monastery,popularizing|soliloquized|spendthrifty|superintends,satisfactory|suitably,handpick,deformer,aforethought,kakistocracy,,nosiest,carets,thwarter,,democratize,tensile,councilman,countdown,selenology,locked,democratism,reclusive,,variform,atheistical,airworthy,,,frail,picketer,systolic,,reversion,license,scotland,fluxions,finagled,,fishers,interpolating,cellists,valuating,greets,,,sparge,farsightedly,lowliest,watery,,educed,grampus,,bigamized,ringnecks,fameless,deciliter,slags,honorable,,,whackiest,sputnik,swayable,raucously,fliers|rifles,rickrack,emulatively,scatological,engulfment,gonfalon|locating|viol,fomenter,,,,plumier,,quackery,,spheral,abolishable|adolescence|amplifiable|unacclaimed,frisbees|kittened|racially|rummager,partnerships,promonarchist,versed,zucchettos,overstretch,spent,directional,emblazonment,harlequin
,,,,,,"This is NOT a word with property MEIDUM.",,"This is a word with property DJOSER.",,,,,,,,"This is a word with property DJOSER.",,,,,,,,,,,,,,,,,,,,,,,,"This is NOT a word with property UNAS.",,,,,,,,,,,,,,,,,,,"This is NOT a word with property LISHT.",,,,,,,,,,,,,,,,"This is NOT a word with property MAZGHUNA.",,,,,,,,"This is NOT a word with property AMENEMHAT.",,,,,,,,,,,,,,,,,,,,,,,,,,,,"This is NOT a word with property MEIDUM.","This is NOT a word with property SOBEKNEFERU.",,,,,,,,,,,,,"This is NOT a word with property KHUI."
,,,campground,dynamism,transfixt,profanation,keyset,,fungiform,cartographic,pimento,,disjoined,lucre,brethren,,lampoonist,flop,stow,hemotoxin|tombstone,yarely,dreadfuls,reinforcement,dispatcher,,registrant,welsher,hayracks,,narcs,janisary,qui,peppery,tryout,quoter,two,absolutistic,,altruistic,toupee,ropier,,equipper,pottier,proclivity,vaporizers,anatomy,terr,toe,peppy,trey,putter,height,serins,postglacial,learnable,tottery,,template,sturdiest,,spellbound,student,propriety,torquer,,uproot,putout,inflame,hemophiliacs,epigraphy|hodgepodges|jugglery|prejudges,wee,,pour,otto,angolan,profuse,snores,nurturing,repiners,blissful,arteriole|litterers,caliphates,,desiccants,trigonometry,que,requite,hydrography,,stormiest,lowermost,earths,,nodes,closeup,epistlers,,bathrobes,sweaters,marylander,trotter,potter,retorter,upper,pepperer,ensured|greater|reedits|regular,erotogeneses,,wrote,pp,woe,pretty,titre,gloater,fillers,linearly,triter,stringiest,pourer,rye,tiptoe,longtime,,chlorinates,werewolf,helmed,flowingly|windbreak|windsocks,mastoidal,cable,writing,yolk,steatopygia,perpendicularity,myriad
,,,,,,,,,,,,,,,,,,"This is a word with property MEIDUM.",,,,,"This is NOT a word with property MEIDUM.",,,,,,,,,,,"This is a word with property NEFEREFRE.","This is a word with property NEFEREFRE.","This is a word with property NEFEREFRE.",,,,,"This is a word with property NEFEREFRE.",,,,,"This is NOT a word with property AMENEMHAT.",,"This is a word with property NEFEREFRE.",,"This is a word with property NEFEREFRE.",,,,,,"This is a word with property NURI.","This is a word with property NEFEREFRE.",,"This is a word with property NURI.",,,,,"This is a word with property NEFEREFRE.","This is a word with property NEFEREFRE.",,"This is a word with property AMENEMHAT.","This is a word with property NEFEREFRE.",,,"This is NOT a word with property BIKHERIS.","This is a word with property NEFEREFRE.",,"This is a word with property NEFEREFRE.",,"This is a word with property NURI.",,,,"This is NOT a word with property UNAS.",,"This is NOT a word with property PEPI.",,,,,,"This is a word with property NEFEREFRE.","This is a word with property NURI.",,,,"This is NOT a word with property LISHT.",,,,,,,,,"This is NOT a word with property AMENEMHAT.","This is a word with property NEFEREFRE.","This is a word with property NEFEREFRE.","This is a word with property AMENEMHAT.","This is a word with property NEFEREFRE.",,,,,"This is a word with property NURI.","This is a word with property NEFEREFRE.","This is a word with property NEFEREFRE.","This is a word with property NEFEREFRE.",,,,"This is a word with property NEFEREFRE.","This is NOT a word with property DJOSER.",,"This is a word with property NEFEREFRE.",,,,"This word is associated with the color DJEDKAREISESI.","This is a word with property MEIDUM."
,,,lighter,deceitful,broacher,ford,,who,,unsprung,,kudzu,hospice,,,siberians,cohos,,dustman,minding,inst,campcraft,,pamphleteer,impoverishes,shrouded|simply|spangly,stinker,ranchers,tinsels,fluffs,defaulter,tiredly,medianly,pedantry|phantom|sibilants|wantage,foreswear,nutrient,cytosine,,,wisconsin,,impudently,seasonably,valiancy,synaptic|trendily,revamps,drainer,adoptively,astutely,festival,rhapsody,resistive,olden,dimensions,lengthwise,germany,manslaughter,migration,incentive,spiel,interborough,migrants,,,,permeably,,lonely,,avitaminosis,,statelier,coinsurer,outwardly,,completely,monastical,wormed,gainers,cyanosis|pabulums,curvatures|incubating|inculcation|unconsumed,appositely,,nonpluses,rotes,rectangle,implosion,disparately,darwinist,subvariety,admixture,maltreat,graviton,,dogmatic,intaglios,satirizes,rumors,seductress,,disintegrator,phlegmatic,predigest,insensibly,neolith,stalagmite,reactance,mincers,foundry,czardom,sortable,,abrasively,,penitentiary,supinator,rudely,controversial,syncopal,tabernacle,discoverable,,,,medusoids,sphagnum,blurb,chummy,fringing,jurywomen,debouched,scented,schemata,contrary|honorary
,,,,,,,,,,,,"This is NOT a word with property DJOSER.",,,,,,,,,,,,,,,,,,,,,"This is NOT a word with property MEIDUM.",,,,"This is NOT a word with property MENKAURE.",,,,,,,"This is NOT a word with property KHUI.",,,,,,,,,,,,,,,,,,,,,,,,"This word is associated with the color AHMOSE.",,"This is a word with property PEPI.",,,"This is NOT a word with property PEPI.",,,,,,,,,,,,,,,"This is NOT a word with property MAZGHUNA.",,,,,,,,,,,,,,,,,,,,,,,,,,,,,,,,,"This is NOT a word with property LISHT.",,,
,,mundane,interbank,typecast,ringer,anechoic,slimily,precancel,cleric,grappler|ignified|preadapt|vicarial,trebled,choreman,behest,congener,resigner,,compatriot,churchyards,claspt,,karst,,predicament,shay,charlotte,morbidity,,,,,,,applicators,chrysler,pagoda,sopors,comedienne|lightyears,derides,nobbles,,,wrathily,,guiltlessness,,triptychs,modistes,verbalize,voluntary,expatriates,woodsman,illness|mishmash|swaths,grands,additive|tightens,firedamps,glyceryls,goshawks,,mogul,manilas,scrabblers,logans|slogan,,proctologies,wotting,apologize,carrotiest,paginal,paladin,,complaints,sheet,huts,angelfish|fashioned,,finiteness|mannerless|thundering,,birthstones|polynesians|potentially|unobservant,durra,dholes,topsiders,supplicates,rhizomatous,blushers,,tug|wax,medallions,shallops,,incorporeality,pantheons,landskips|spankings|splashing,avocets,regulate,chillily,naturalize,metals,bleakness,funiculus,froufrous,hardiness,antipastos,solider,dedicator,flatterers|naughtiest|psalteries|toolholder,,kanas,asking,,earshots,rusticated,hypnoanalyses,flattop,overpays,lexicographically,bicyclists,,prosecutrixes,hazards,swooshing,mothballs,ibidem,laborer,consenters,christianity,insincere,chats,zebeck,resistible,prickly,changeful,blah,octagon,gunk,inurn,multiform
,,,,,,,,,,,,,,,,,,"This is NOT a word with property UNAS.",,,,,,,"This is a word with property DJOSER.",,,,,,,,,"This is NOT a word with property PEPI.",,,,,,,,,,,,,,,,,,,,,"This is NOT a word with property DJOSER.",,,,,,,,,,,,,,,,,"This is a word with property MEIDUM.",,,,,,,,,,,,,,,,"This is NOT a word with property NURI.",,,,,"This is NOT a word with property NURI.",,,,,,"This is a word with property PEPI.",,"This is NOT a word with property SOBEKNEFERU.",,,,,,,,,,,,,,,"This is a word with property QAKAREIBI.",,"This is a word with property KHUI.",,,,,"This is NOT a word with property NURI.",,"This is a word with property DJOSER.","This is a word with property AMENYQEMAU."
,,,,,,,,,,disbursed,babyhood|homagers|hornbeam,dickered,forgave,,,,,,,,,,,,,,,,,,,,,,,,,,,,,,,,,,,,,,,,,,,,,,,,,,,,,,,,,,,,,,,,,,,,,,,,,,,,,,,,,,,,,,,mails,cottonwoods,giantess,cads,fatherliness,minims,whiteners,cassettes,stylizes,backdrops,lapses,facet,hoards,fielders|parsley|prelates|thready,,,winos,arcaded,spalls,drumstick|kilobytes|reinvokes|workloads,,,fishes,disorders,earthliness,volente,disparaged,trainload,problem,divulged,chignon
,,,,,,,,,,"This is NOT a word with property MAZGHUNA.",,,,,,,,,,,,,,,,,,,,,,,,,,,,,,,,,,,,,,,,,,,,,,,,,,,,,,,,,,,,,,,,,,,,,,,,,,,,,,,,,,,,,,,,,,,,,,,,,,"This is a word with property AMENYQEMAU.",,,,,,,,,,,,,,,,
,forkful,larvicide,churchyard,asunder,,,,,,inevitably,tint,cheesecloth|dichromatic,launder,inlayer,riping,hasteful|hawkings,curd,reachers,drinking|inkwell|pinkish|tinkered,spoilsmen,pertest,machs,disk,misunderstand,,creditable,,rapturous,,,,,ricrac,tinders,birdlimes,ejectors,,engraves,asinine,coats|drats|kyats|rents,,virulence,prophets,plausibleness,coarseness,,,,,,,,,,,,,,,,,,,,,,,,,,,,,,,,,,,,,,,,,,,,,,,,,,,,,,,coplots,cantles,linum,kayo,resectabilities,valiants,refractoriness,adopters|guttery|imputer|kittens,gallows,,commendations,,amok,purred,kegs,costarred|stablings|stampedes|stanchers,,,,tweets,foulings,,hankers,officiants,shellfishes,benchmark,artichoke,desulfured,structural,drownd,enfranchises,lung,obstructive,trisect,corniche,watchmaker,gunman,polydactylism
,,,,,,,,,,,,"This is NOT a word with property NEFEREFRE.",,,,,,,"This is a word with property BIKHERIS.",,,,"This is NOT a word with property LISHT.",,,,,,,,,,,,,,,,,,,,,,,,,,,,,,,,,,,,,,,,,,,,,,,,,,,,,,,,,,,,,,,,,,,,,,,,,,,,,,,,,,,,,,,,,,,,,,,,,,,,,"This is a word with property BIKHERIS.","This is a word with property DJOSER.","This word is associated with the color KHAFRA."
,womanliest,snowily,crisscrossing,benchmarked|hexadecimal,,,,,sputum,stray,solicitously,expletive,stravinsky,wretchedly,shlep,,extractive,disjoint,fulcra,lyrism,multifamily,densified,suavely,expectable,radiochemistry,,manifolds,rise,midways,uroliths,antiinflammatories|expropriations|nationalizations,misleadingly,armaments|devilment|pommeling,,heartbeats,nonoperative,,,,,sudses,quintillionths,bathers,intercity,,xylidine,,hutzpas,halavahs|lavalava,hilltops,bobbinets,soporific,barefit,admin|final|hindi|icing,,,ref,,speakings,,,shoppings|somewhats|staunchly,,jogging,shanks,gipsies|redwood,impreciseness,openers,reflowing,robots,quaff,users,embanks,grenadiers,,,rejudged,magnifications,darkness,,casing,heme,silkiness,,tournaments,homemaker,whispers,,foregoers,hydrological,,snipe,tenoner,hepcat,lumberers,friezes,photosyntheses,radiograms,imbalances,,unawaked,mentors,widowers,,,elderberries,plywoods,ransackers,canters,broadens,resigns,wries,drippier|precancelled|tappets,coverage,,strumpets,hammerhead,profiters,aye,elaborate,redrills,recuses,,narrates,indictees,safety,silky,readopt,burgh,tipsily,flaunter,ament,lint,paltrier,letches,erbiums,plainer,impromptu
,,"This is NOT a word with property SOBEKNEFERU.",,,,,,,,,,"This is NOT a word with property MEIDUM.",,,,,,,,,,,,"This is a word with property AMENYQEMAU.",,,,,,,,,,,,"This is NOT a word with property KHUI.",,,,,"This is a word with property AMENYQEMAU.",,,,,,,,"This is a word with property PEPI.",,,,,,,,,,,,,"This is a word with property AMENYQEMAU.",,"This is NOT a word with property BIKHERIS.","This is NOT a word with property DJOSER.",,,,,,,"This is NOT a word with property NEFEREFRE.",,,,,,,,,,,,,,,,,,"This is NOT a word with property NEFEREFRE.",,,,,,,,,,,,,,,,"This is a word with property PEPI.",,"This is NOT a word with property ABUSIR.",,,,,,,,,,,,,,,,,"This is a word with property MEIDUM."
,hackmen,,terracing,,,,,,,pitch,limbing,sensory,kathy,,,,shaky,matcher,,chamise,proc,,scab|sea|seabag|sp,eutrophic,leukocytes,unhands,larkspurs,collarbones,nonessentials,,glens,imposters,aversely,,cablegrams,datelines,nutations,spontaneousness,,blatancies,,,,,,,,,,,,,,,,,,,,,,,,,,,,,,,,,,,,,,,,,,,,,,,,,,,,,,,,,,,,outboasts,densities,landscapers,frequentness,campier|enamors|gloriam,lateens,picaros|waisted,reaffirmations,,berries,outflanked,confidences,,planes,overimpress,peoples,,capelets,,eyewaters|walkaways|was,dozens,,aldehydes,,,diaphoretic,flowcharted,exterminate,inflationist|inflection,thong,chaparral,isled|luaus|snag,vegetarianism,brambly,undressed,hopscotch,adjutancy,sociometric
,,,,,,,,,,"This word is associated with the color NIUSERRE.",,,,,,,,"This is a word with property DJOSER.",,,,,,,,,,,,,"This is NOT a word with property MERENRE.","This is NOT a word with property QAKAREIBI.",,,,,,"This is a word with property HAWARA.",,,,,,,,,,,,,,,,,,,,,,,,,,,,,,,,,,,,,,,,,,,,,,,,,,,,,,,,,,,,,,,,,,,,"This is NOT a word with property HAWARA.",,,,,,,,,,,,,,,,"This is NOT a word with property MAZGHUNA.",,"This is a word with property NEFEREFRE.","This is a word with property DJOSER."
,speciosity,hatchers,,begorra,overachiever,leaner|seater|serest|sneers,,tempted,,stylizing,,lentil,psychological,milker,calvary,prototypic,mamba,heraldry,that,cadaverously,,rightful,chafe,,neckerchiefs,beefsteaks,,booklists,sensoriums,,sentries,,litterer|runniest|terrines,,,,,,,,,,,,,,,,,,,plasma,,,,,,stere|trees,,,,,,,,,,,,,,,,,,,,,,,,,,,,,,,,,,,,,sensated|streusel,,,,,,,,,,,,,,,,satire,besetting,,outlasts,coalesces,microcopies|poltroon,navaho,,,,businesses,horselaughs,,dowels,emperor,fetor,diamagnetism,contraband,napkin,pliancy,lamp,rarely,oblongly|ripcords|sackbuts,mulches,internationalizing,riddling,hardcovers,heliotropism,erelong
,,,,,,,,,,"This is NOT a word with property MENKAURE.",,,,,,,,"This is NOT a word with property SETHKA.",,,,,,,,,,,,,,,,,,,,,,,,,,,,,,,,,,,,,,,,,,,,,,,,,,,,,,,,,,,,,,,,,,,,,,,,,,,,,,,,,,,,,,,,,,,,,"This is NOT a word with property AMENEMHAT.",,,,,,,,,,,"This is NOT a word with property QAKAREIBI.",,,"This is a word with property MERENRE.","This is NOT a word with property MEIDUM."
